
--DROP TABLE adv_dimproduct;
--SELECT * FROM adv_dimproduct;
CREATE TABLE adv_dimproduct(
	ProductKey int NOT NULL,
	EnglishProductName nvarchar2(50) NOT NULL,
	Color nvarchar2(15) NOT NULL,
	ProductSubcategoryKey int NULL
);

--DROP TABLE adv_dimproductcategory;
--SELECT * FROM adv_dimproductcategory;
CREATE TABLE adv_dimproductcategory(
	ProductCategoryKey int NOT NULL,
	EnglishProductCategoryName nvarchar2(50) NOT NULL
);

--DROP TABLE adv_dimproductsubcategory;
--SELECT * FROM adv_dimproductsubcategory;
CREATE TABLE adv_dimproductsubcategory(
	ProductSubcategoryKey int NOT NULL,
	EnglishProductSubcategoryName nvarchar2(50) NOT NULL,
	ProductCategoryKey int NULL
);

INSERT INTO adv_dimproduct (ProductKey, EnglishProductName, Color, ProductSubcategoryKey) VALUES (1, N'Adjustable Race', N'NA', NULL)
;INSERT INTO adv_dimproduct (ProductKey, EnglishProductName, Color, ProductSubcategoryKey) VALUES (2, N'Bearing Ball', N'NA', NULL)
;INSERT INTO adv_dimproduct (ProductKey, EnglishProductName, Color, ProductSubcategoryKey) VALUES (3, N'BB Ball Bearing', N'NA', NULL)
;INSERT INTO adv_dimproduct (ProductKey, EnglishProductName, Color, ProductSubcategoryKey) VALUES (4, N'Headset Ball Bearings', N'NA', NULL)
;INSERT INTO adv_dimproduct (ProductKey, EnglishProductName, Color, ProductSubcategoryKey) VALUES (5, N'Blade', N'NA', NULL)
;INSERT INTO adv_dimproduct (ProductKey, EnglishProductName, Color, ProductSubcategoryKey) VALUES (6, N'LL Crankarm', N'Black', NULL)
;INSERT INTO adv_dimproduct (ProductKey, EnglishProductName, Color, ProductSubcategoryKey) VALUES (7, N'ML Crankarm', N'Black', NULL)
;INSERT INTO adv_dimproduct (ProductKey, EnglishProductName, Color, ProductSubcategoryKey) VALUES (8, N'HL Crankarm', N'Black', NULL)
;INSERT INTO adv_dimproduct (ProductKey, EnglishProductName, Color, ProductSubcategoryKey) VALUES (9, N'Chainring Bolts', N'Silver', NULL)
;INSERT INTO adv_dimproduct (ProductKey, EnglishProductName, Color, ProductSubcategoryKey) VALUES (10, N'Chainring Nut', N'Silver', NULL)
;INSERT INTO adv_dimproduct (ProductKey, EnglishProductName, Color, ProductSubcategoryKey) VALUES (11, N'Chainring', N'Black', NULL)
;INSERT INTO adv_dimproduct (ProductKey, EnglishProductName, Color, ProductSubcategoryKey) VALUES (12, N'Crown Race', N'NA', NULL)
;INSERT INTO adv_dimproduct (ProductKey, EnglishProductName, Color, ProductSubcategoryKey) VALUES (13, N'Chain Stays', N'NA', NULL)
;INSERT INTO adv_dimproduct (ProductKey, EnglishProductName, Color, ProductSubcategoryKey) VALUES (14, N'Decal 1', N'NA', NULL)
;INSERT INTO adv_dimproduct (ProductKey, EnglishProductName, Color, ProductSubcategoryKey) VALUES (15, N'Decal 2', N'NA', NULL)
;INSERT INTO adv_dimproduct (ProductKey, EnglishProductName, Color, ProductSubcategoryKey) VALUES (16, N'Down Tube', N'NA', NULL)
;INSERT INTO adv_dimproduct (ProductKey, EnglishProductName, Color, ProductSubcategoryKey) VALUES (17, N'Mountain End Caps', N'NA', NULL)
;INSERT INTO adv_dimproduct (ProductKey, EnglishProductName, Color, ProductSubcategoryKey) VALUES (18, N'Road End Caps', N'NA', NULL)
;INSERT INTO adv_dimproduct (ProductKey, EnglishProductName, Color, ProductSubcategoryKey) VALUES (19, N'Touring End Caps', N'NA', NULL)
;INSERT INTO adv_dimproduct (ProductKey, EnglishProductName, Color, ProductSubcategoryKey) VALUES (20, N'Fork End', N'NA', NULL)
;INSERT INTO adv_dimproduct (ProductKey, EnglishProductName, Color, ProductSubcategoryKey) VALUES (21, N'Freewheel', N'Silver', NULL)
;INSERT INTO adv_dimproduct (ProductKey, EnglishProductName, Color, ProductSubcategoryKey) VALUES (22, N'Flat Washer 1', N'NA', NULL)
;INSERT INTO adv_dimproduct (ProductKey, EnglishProductName, Color, ProductSubcategoryKey) VALUES (23, N'Flat Washer 6', N'NA', NULL)
;INSERT INTO adv_dimproduct (ProductKey, EnglishProductName, Color, ProductSubcategoryKey) VALUES (24, N'Flat Washer 2', N'NA', NULL)
;INSERT INTO adv_dimproduct (ProductKey, EnglishProductName, Color, ProductSubcategoryKey) VALUES (25, N'Flat Washer 9', N'NA', NULL)
;INSERT INTO adv_dimproduct (ProductKey, EnglishProductName, Color, ProductSubcategoryKey) VALUES (26, N'Flat Washer 4', N'NA', NULL)
;INSERT INTO adv_dimproduct (ProductKey, EnglishProductName, Color, ProductSubcategoryKey) VALUES (27, N'Flat Washer 3', N'NA', NULL)
;INSERT INTO adv_dimproduct (ProductKey, EnglishProductName, Color, ProductSubcategoryKey) VALUES (28, N'Flat Washer 8', N'NA', NULL)
;INSERT INTO adv_dimproduct (ProductKey, EnglishProductName, Color, ProductSubcategoryKey) VALUES (29, N'Flat Washer 5', N'NA', NULL)
;INSERT INTO adv_dimproduct (ProductKey, EnglishProductName, Color, ProductSubcategoryKey) VALUES (30, N'Flat Washer 7', N'NA', NULL)
;INSERT INTO adv_dimproduct (ProductKey, EnglishProductName, Color, ProductSubcategoryKey) VALUES (31, N'Fork Crown', N'NA', NULL)
;INSERT INTO adv_dimproduct (ProductKey, EnglishProductName, Color, ProductSubcategoryKey) VALUES (32, N'Front Derailleur Cage', N'Silver', NULL)
;INSERT INTO adv_dimproduct (ProductKey, EnglishProductName, Color, ProductSubcategoryKey) VALUES (33, N'Front Derailleur Linkage', N'Silver', NULL)
;INSERT INTO adv_dimproduct (ProductKey, EnglishProductName, Color, ProductSubcategoryKey) VALUES (34, N'Guide Pulley', N'NA', NULL)
;INSERT INTO adv_dimproduct (ProductKey, EnglishProductName, Color, ProductSubcategoryKey) VALUES (35, N'LL Grip Tape', N'NA', NULL)
;INSERT INTO adv_dimproduct (ProductKey, EnglishProductName, Color, ProductSubcategoryKey) VALUES (36, N'ML Grip Tape', N'NA', NULL)
;INSERT INTO adv_dimproduct (ProductKey, EnglishProductName, Color, ProductSubcategoryKey) VALUES (37, N'HL Grip Tape', N'NA', NULL)
;INSERT INTO adv_dimproduct (ProductKey, EnglishProductName, Color, ProductSubcategoryKey) VALUES (38, N'Thin-Jam Hex Nut 9', N'NA', NULL)
;INSERT INTO adv_dimproduct (ProductKey, EnglishProductName, Color, ProductSubcategoryKey) VALUES (39, N'Thin-Jam Hex Nut 10', N'NA', NULL)
;INSERT INTO adv_dimproduct (ProductKey, EnglishProductName, Color, ProductSubcategoryKey) VALUES (40, N'Thin-Jam Hex Nut 1', N'NA', NULL)
;INSERT INTO adv_dimproduct (ProductKey, EnglishProductName, Color, ProductSubcategoryKey) VALUES (41, N'Thin-Jam Hex Nut 2', N'NA', NULL)
;INSERT INTO adv_dimproduct (ProductKey, EnglishProductName, Color, ProductSubcategoryKey) VALUES (42, N'Thin-Jam Hex Nut 15', N'NA', NULL)
;INSERT INTO adv_dimproduct (ProductKey, EnglishProductName, Color, ProductSubcategoryKey) VALUES (43, N'Thin-Jam Hex Nut 16', N'NA', NULL)
;INSERT INTO adv_dimproduct (ProductKey, EnglishProductName, Color, ProductSubcategoryKey) VALUES (44, N'Thin-Jam Hex Nut 5', N'NA', NULL)
;INSERT INTO adv_dimproduct (ProductKey, EnglishProductName, Color, ProductSubcategoryKey) VALUES (45, N'Thin-Jam Hex Nut 6', N'NA', NULL)
;INSERT INTO adv_dimproduct (ProductKey, EnglishProductName, Color, ProductSubcategoryKey) VALUES (46, N'Thin-Jam Hex Nut 3', N'NA', NULL)
;INSERT INTO adv_dimproduct (ProductKey, EnglishProductName, Color, ProductSubcategoryKey) VALUES (47, N'Thin-Jam Hex Nut 4', N'NA', NULL)
;INSERT INTO adv_dimproduct (ProductKey, EnglishProductName, Color, ProductSubcategoryKey) VALUES (48, N'Thin-Jam Hex Nut 13', N'NA', NULL)
;INSERT INTO adv_dimproduct (ProductKey, EnglishProductName, Color, ProductSubcategoryKey) VALUES (49, N'Thin-Jam Hex Nut 14', N'NA', NULL)
;INSERT INTO adv_dimproduct (ProductKey, EnglishProductName, Color, ProductSubcategoryKey) VALUES (50, N'Thin-Jam Hex Nut 7', N'NA', NULL)
;INSERT INTO adv_dimproduct (ProductKey, EnglishProductName, Color, ProductSubcategoryKey) VALUES (51, N'Thin-Jam Hex Nut 8', N'NA', NULL)
;INSERT INTO adv_dimproduct (ProductKey, EnglishProductName, Color, ProductSubcategoryKey) VALUES (52, N'Thin-Jam Hex Nut 12', N'NA', NULL)
;INSERT INTO adv_dimproduct (ProductKey, EnglishProductName, Color, ProductSubcategoryKey) VALUES (53, N'Thin-Jam Hex Nut 11', N'NA', NULL)
;INSERT INTO adv_dimproduct (ProductKey, EnglishProductName, Color, ProductSubcategoryKey) VALUES (54, N'Hex Nut 5', N'NA', NULL)
;INSERT INTO adv_dimproduct (ProductKey, EnglishProductName, Color, ProductSubcategoryKey) VALUES (55, N'Hex Nut 6', N'NA', NULL)
;INSERT INTO adv_dimproduct (ProductKey, EnglishProductName, Color, ProductSubcategoryKey) VALUES (56, N'Hex Nut 16', N'NA', NULL)
;INSERT INTO adv_dimproduct (ProductKey, EnglishProductName, Color, ProductSubcategoryKey) VALUES (57, N'Hex Nut 17', N'NA', NULL)
;INSERT INTO adv_dimproduct (ProductKey, EnglishProductName, Color, ProductSubcategoryKey) VALUES (58, N'Hex Nut 7', N'NA', NULL)
;INSERT INTO adv_dimproduct (ProductKey, EnglishProductName, Color, ProductSubcategoryKey) VALUES (59, N'Hex Nut 8', N'NA', NULL)
;INSERT INTO adv_dimproduct (ProductKey, EnglishProductName, Color, ProductSubcategoryKey) VALUES (60, N'Hex Nut 9', N'NA', NULL)
;INSERT INTO adv_dimproduct (ProductKey, EnglishProductName, Color, ProductSubcategoryKey) VALUES (61, N'Hex Nut 22', N'NA', NULL)
;INSERT INTO adv_dimproduct (ProductKey, EnglishProductName, Color, ProductSubcategoryKey) VALUES (62, N'Hex Nut 23', N'NA', NULL)
;INSERT INTO adv_dimproduct (ProductKey, EnglishProductName, Color, ProductSubcategoryKey) VALUES (63, N'Hex Nut 12', N'NA', NULL)
;INSERT INTO adv_dimproduct (ProductKey, EnglishProductName, Color, ProductSubcategoryKey) VALUES (64, N'Hex Nut 13', N'NA', NULL)
;INSERT INTO adv_dimproduct (ProductKey, EnglishProductName, Color, ProductSubcategoryKey) VALUES (65, N'Hex Nut 1', N'NA', NULL)
;INSERT INTO adv_dimproduct (ProductKey, EnglishProductName, Color, ProductSubcategoryKey) VALUES (66, N'Hex Nut 10', N'NA', NULL)
;INSERT INTO adv_dimproduct (ProductKey, EnglishProductName, Color, ProductSubcategoryKey) VALUES (67, N'Hex Nut 11', N'NA', NULL)
;INSERT INTO adv_dimproduct (ProductKey, EnglishProductName, Color, ProductSubcategoryKey) VALUES (68, N'Hex Nut 2', N'NA', NULL)
;INSERT INTO adv_dimproduct (ProductKey, EnglishProductName, Color, ProductSubcategoryKey) VALUES (69, N'Hex Nut 20', N'NA', NULL)
;INSERT INTO adv_dimproduct (ProductKey, EnglishProductName, Color, ProductSubcategoryKey) VALUES (70, N'Hex Nut 21', N'NA', NULL)
;INSERT INTO adv_dimproduct (ProductKey, EnglishProductName, Color, ProductSubcategoryKey) VALUES (71, N'Hex Nut 3', N'NA', NULL)
;INSERT INTO adv_dimproduct (ProductKey, EnglishProductName, Color, ProductSubcategoryKey) VALUES (72, N'Hex Nut 14', N'NA', NULL)
;INSERT INTO adv_dimproduct (ProductKey, EnglishProductName, Color, ProductSubcategoryKey) VALUES (73, N'Hex Nut 15', N'NA', NULL)
;INSERT INTO adv_dimproduct (ProductKey, EnglishProductName, Color, ProductSubcategoryKey) VALUES (74, N'Hex Nut 4', N'NA', NULL)
;INSERT INTO adv_dimproduct (ProductKey, EnglishProductName, Color, ProductSubcategoryKey) VALUES (75, N'Hex Nut 18', N'NA', NULL)
;INSERT INTO adv_dimproduct (ProductKey, EnglishProductName, Color, ProductSubcategoryKey) VALUES (76, N'Hex Nut 19', N'NA', NULL)
;INSERT INTO adv_dimproduct (ProductKey, EnglishProductName, Color, ProductSubcategoryKey) VALUES (77, N'Handlebar Tube', N'NA', NULL)
;INSERT INTO adv_dimproduct (ProductKey, EnglishProductName, Color, ProductSubcategoryKey) VALUES (78, N'Head Tube', N'NA', NULL)
;INSERT INTO adv_dimproduct (ProductKey, EnglishProductName, Color, ProductSubcategoryKey) VALUES (79, N'LL Hub', N'NA', NULL)
;INSERT INTO adv_dimproduct (ProductKey, EnglishProductName, Color, ProductSubcategoryKey) VALUES (80, N'HL Hub', N'NA', NULL)
;INSERT INTO adv_dimproduct (ProductKey, EnglishProductName, Color, ProductSubcategoryKey) VALUES (81, N'Keyed Washer', N'NA', NULL)
;INSERT INTO adv_dimproduct (ProductKey, EnglishProductName, Color, ProductSubcategoryKey) VALUES (82, N'External Lock Washer 3', N'NA', NULL)
;INSERT INTO adv_dimproduct (ProductKey, EnglishProductName, Color, ProductSubcategoryKey) VALUES (83, N'External Lock Washer 4', N'NA', NULL)
;INSERT INTO adv_dimproduct (ProductKey, EnglishProductName, Color, ProductSubcategoryKey) VALUES (84, N'External Lock Washer 9', N'NA', NULL)
;INSERT INTO adv_dimproduct (ProductKey, EnglishProductName, Color, ProductSubcategoryKey) VALUES (85, N'External Lock Washer 5', N'NA', NULL)
;INSERT INTO adv_dimproduct (ProductKey, EnglishProductName, Color, ProductSubcategoryKey) VALUES (86, N'External Lock Washer 7', N'NA', NULL)
;INSERT INTO adv_dimproduct (ProductKey, EnglishProductName, Color, ProductSubcategoryKey) VALUES (87, N'External Lock Washer 6', N'NA', NULL)
;INSERT INTO adv_dimproduct (ProductKey, EnglishProductName, Color, ProductSubcategoryKey) VALUES (88, N'External Lock Washer 1', N'NA', NULL)
;INSERT INTO adv_dimproduct (ProductKey, EnglishProductName, Color, ProductSubcategoryKey) VALUES (89, N'External Lock Washer 8', N'NA', NULL)
;INSERT INTO adv_dimproduct (ProductKey, EnglishProductName, Color, ProductSubcategoryKey) VALUES (90, N'External Lock Washer 2', N'NA', NULL)
;INSERT INTO adv_dimproduct (ProductKey, EnglishProductName, Color, ProductSubcategoryKey) VALUES (91, N'Internal Lock Washer 3', N'NA', NULL)
;INSERT INTO adv_dimproduct (ProductKey, EnglishProductName, Color, ProductSubcategoryKey) VALUES (92, N'Internal Lock Washer 4', N'NA', NULL)
;INSERT INTO adv_dimproduct (ProductKey, EnglishProductName, Color, ProductSubcategoryKey) VALUES (93, N'Internal Lock Washer 9', N'NA', NULL)
;INSERT INTO adv_dimproduct (ProductKey, EnglishProductName, Color, ProductSubcategoryKey) VALUES (94, N'Internal Lock Washer 5', N'NA', NULL)
;INSERT INTO adv_dimproduct (ProductKey, EnglishProductName, Color, ProductSubcategoryKey) VALUES (95, N'Internal Lock Washer 7', N'NA', NULL)
;INSERT INTO adv_dimproduct (ProductKey, EnglishProductName, Color, ProductSubcategoryKey) VALUES (96, N'Internal Lock Washer 6', N'NA', NULL)
;INSERT INTO adv_dimproduct (ProductKey, EnglishProductName, Color, ProductSubcategoryKey) VALUES (97, N'Internal Lock Washer 10', N'NA', NULL)
;INSERT INTO adv_dimproduct (ProductKey, EnglishProductName, Color, ProductSubcategoryKey) VALUES (98, N'Internal Lock Washer 1', N'NA', NULL)
;INSERT INTO adv_dimproduct (ProductKey, EnglishProductName, Color, ProductSubcategoryKey) VALUES (99, N'Internal Lock Washer 8', N'NA', NULL)
;INSERT INTO adv_dimproduct (ProductKey, EnglishProductName, Color, ProductSubcategoryKey) VALUES (100, N'Internal Lock Washer 2', N'NA', NULL)
;INSERT INTO adv_dimproduct (ProductKey, EnglishProductName, Color, ProductSubcategoryKey) VALUES (101, N'Thin-Jam Lock Nut 9', N'NA', NULL)
;INSERT INTO adv_dimproduct (ProductKey, EnglishProductName, Color, ProductSubcategoryKey) VALUES (102, N'Thin-Jam Lock Nut 10', N'NA', NULL)
;INSERT INTO adv_dimproduct (ProductKey, EnglishProductName, Color, ProductSubcategoryKey) VALUES (103, N'Thin-Jam Lock Nut 1', N'NA', NULL)
;INSERT INTO adv_dimproduct (ProductKey, EnglishProductName, Color, ProductSubcategoryKey) VALUES (104, N'Thin-Jam Lock Nut 2', N'NA', NULL)
;INSERT INTO adv_dimproduct (ProductKey, EnglishProductName, Color, ProductSubcategoryKey) VALUES (105, N'Thin-Jam Lock Nut 15', N'NA', NULL)
;INSERT INTO adv_dimproduct (ProductKey, EnglishProductName, Color, ProductSubcategoryKey) VALUES (106, N'Thin-Jam Lock Nut 16', N'NA', NULL)
;INSERT INTO adv_dimproduct (ProductKey, EnglishProductName, Color, ProductSubcategoryKey) VALUES (107, N'Thin-Jam Lock Nut 5', N'NA', NULL)
;INSERT INTO adv_dimproduct (ProductKey, EnglishProductName, Color, ProductSubcategoryKey) VALUES (108, N'Thin-Jam Lock Nut 6', N'NA', NULL)
;INSERT INTO adv_dimproduct (ProductKey, EnglishProductName, Color, ProductSubcategoryKey) VALUES (109, N'Thin-Jam Lock Nut 3', N'NA', NULL)
;INSERT INTO adv_dimproduct (ProductKey, EnglishProductName, Color, ProductSubcategoryKey) VALUES (110, N'Thin-Jam Lock Nut 4', N'NA', NULL)
;INSERT INTO adv_dimproduct (ProductKey, EnglishProductName, Color, ProductSubcategoryKey) VALUES (111, N'Thin-Jam Lock Nut 13', N'NA', NULL)
;INSERT INTO adv_dimproduct (ProductKey, EnglishProductName, Color, ProductSubcategoryKey) VALUES (112, N'Thin-Jam Lock Nut 14', N'NA', NULL)
;INSERT INTO adv_dimproduct (ProductKey, EnglishProductName, Color, ProductSubcategoryKey) VALUES (113, N'Thin-Jam Lock Nut 7', N'NA', NULL)
;INSERT INTO adv_dimproduct (ProductKey, EnglishProductName, Color, ProductSubcategoryKey) VALUES (114, N'Thin-Jam Lock Nut 8', N'NA', NULL)
;INSERT INTO adv_dimproduct (ProductKey, EnglishProductName, Color, ProductSubcategoryKey) VALUES (115, N'Thin-Jam Lock Nut 12', N'NA', NULL)
;INSERT INTO adv_dimproduct (ProductKey, EnglishProductName, Color, ProductSubcategoryKey) VALUES (116, N'Thin-Jam Lock Nut 11', N'NA', NULL)
;INSERT INTO adv_dimproduct (ProductKey, EnglishProductName, Color, ProductSubcategoryKey) VALUES (117, N'Lock Nut 5', N'NA', NULL)
;INSERT INTO adv_dimproduct (ProductKey, EnglishProductName, Color, ProductSubcategoryKey) VALUES (118, N'Lock Nut 6', N'NA', NULL)
;INSERT INTO adv_dimproduct (ProductKey, EnglishProductName, Color, ProductSubcategoryKey) VALUES (119, N'Lock Nut 16', N'NA', NULL)
;INSERT INTO adv_dimproduct (ProductKey, EnglishProductName, Color, ProductSubcategoryKey) VALUES (120, N'Lock Nut 17', N'NA', NULL)
;INSERT INTO adv_dimproduct (ProductKey, EnglishProductName, Color, ProductSubcategoryKey) VALUES (121, N'Lock Nut 7', N'NA', NULL)
;INSERT INTO adv_dimproduct (ProductKey, EnglishProductName, Color, ProductSubcategoryKey) VALUES (122, N'Lock Nut 8', N'NA', NULL)
;INSERT INTO adv_dimproduct (ProductKey, EnglishProductName, Color, ProductSubcategoryKey) VALUES (123, N'Lock Nut 9', N'NA', NULL)
;INSERT INTO adv_dimproduct (ProductKey, EnglishProductName, Color, ProductSubcategoryKey) VALUES (124, N'Lock Nut 22', N'NA', NULL)
;INSERT INTO adv_dimproduct (ProductKey, EnglishProductName, Color, ProductSubcategoryKey) VALUES (125, N'Lock Nut 23', N'NA', NULL)
;INSERT INTO adv_dimproduct (ProductKey, EnglishProductName, Color, ProductSubcategoryKey) VALUES (126, N'Lock Nut 12', N'NA', NULL)
;INSERT INTO adv_dimproduct (ProductKey, EnglishProductName, Color, ProductSubcategoryKey) VALUES (127, N'Lock Nut 13', N'NA', NULL)
;INSERT INTO adv_dimproduct (ProductKey, EnglishProductName, Color, ProductSubcategoryKey) VALUES (128, N'Lock Nut 1', N'NA', NULL)
;INSERT INTO adv_dimproduct (ProductKey, EnglishProductName, Color, ProductSubcategoryKey) VALUES (129, N'Lock Nut 10', N'NA', NULL)
;INSERT INTO adv_dimproduct (ProductKey, EnglishProductName, Color, ProductSubcategoryKey) VALUES (130, N'Lock Nut 11', N'NA', NULL)
;INSERT INTO adv_dimproduct (ProductKey, EnglishProductName, Color, ProductSubcategoryKey) VALUES (131, N'Lock Nut 2', N'NA', NULL)
;INSERT INTO adv_dimproduct (ProductKey, EnglishProductName, Color, ProductSubcategoryKey) VALUES (132, N'Lock Nut 20', N'NA', NULL)
;INSERT INTO adv_dimproduct (ProductKey, EnglishProductName, Color, ProductSubcategoryKey) VALUES (133, N'Lock Nut 21', N'NA', NULL)
;INSERT INTO adv_dimproduct (ProductKey, EnglishProductName, Color, ProductSubcategoryKey) VALUES (134, N'Lock Nut 3', N'NA', NULL)
;INSERT INTO adv_dimproduct (ProductKey, EnglishProductName, Color, ProductSubcategoryKey) VALUES (135, N'Lock Nut 14', N'NA', NULL)
;INSERT INTO adv_dimproduct (ProductKey, EnglishProductName, Color, ProductSubcategoryKey) VALUES (136, N'Lock Nut 15', N'NA', NULL)
;INSERT INTO adv_dimproduct (ProductKey, EnglishProductName, Color, ProductSubcategoryKey) VALUES (137, N'Lock Nut 4', N'NA', NULL)
;INSERT INTO adv_dimproduct (ProductKey, EnglishProductName, Color, ProductSubcategoryKey) VALUES (138, N'Lock Nut 19', N'NA', NULL)
;INSERT INTO adv_dimproduct (ProductKey, EnglishProductName, Color, ProductSubcategoryKey) VALUES (139, N'Lock Nut 18', N'NA', NULL)
;INSERT INTO adv_dimproduct (ProductKey, EnglishProductName, Color, ProductSubcategoryKey) VALUES (140, N'Lock Ring', N'Silver', NULL)
;INSERT INTO adv_dimproduct (ProductKey, EnglishProductName, Color, ProductSubcategoryKey) VALUES (141, N'Lower Head Race', N'NA', NULL)
;INSERT INTO adv_dimproduct (ProductKey, EnglishProductName, Color, ProductSubcategoryKey) VALUES (142, N'Lock Washer 4', N'NA', NULL)
;INSERT INTO adv_dimproduct (ProductKey, EnglishProductName, Color, ProductSubcategoryKey) VALUES (143, N'Lock Washer 5', N'NA', NULL)
;INSERT INTO adv_dimproduct (ProductKey, EnglishProductName, Color, ProductSubcategoryKey) VALUES (144, N'Lock Washer 10', N'NA', NULL)
;INSERT INTO adv_dimproduct (ProductKey, EnglishProductName, Color, ProductSubcategoryKey) VALUES (145, N'Lock Washer 6', N'NA', NULL)
;INSERT INTO adv_dimproduct (ProductKey, EnglishProductName, Color, ProductSubcategoryKey) VALUES (146, N'Lock Washer 13', N'NA', NULL)
;INSERT INTO adv_dimproduct (ProductKey, EnglishProductName, Color, ProductSubcategoryKey) VALUES (147, N'Lock Washer 8', N'NA', NULL)
;INSERT INTO adv_dimproduct (ProductKey, EnglishProductName, Color, ProductSubcategoryKey) VALUES (148, N'Lock Washer 1', N'NA', NULL)
;INSERT INTO adv_dimproduct (ProductKey, EnglishProductName, Color, ProductSubcategoryKey) VALUES (149, N'Lock Washer 7', N'NA', NULL)
;INSERT INTO adv_dimproduct (ProductKey, EnglishProductName, Color, ProductSubcategoryKey) VALUES (150, N'Lock Washer 12', N'NA', NULL)
;INSERT INTO adv_dimproduct (ProductKey, EnglishProductName, Color, ProductSubcategoryKey) VALUES (151, N'Lock Washer 2', N'NA', NULL)
;INSERT INTO adv_dimproduct (ProductKey, EnglishProductName, Color, ProductSubcategoryKey) VALUES (152, N'Lock Washer 9', N'NA', NULL)
;INSERT INTO adv_dimproduct (ProductKey, EnglishProductName, Color, ProductSubcategoryKey) VALUES (153, N'Lock Washer 3', N'NA', NULL)
;INSERT INTO adv_dimproduct (ProductKey, EnglishProductName, Color, ProductSubcategoryKey) VALUES (154, N'Lock Washer 11', N'NA', NULL)
;INSERT INTO adv_dimproduct (ProductKey, EnglishProductName, Color, ProductSubcategoryKey) VALUES (155, N'Metal Angle', N'NA', NULL)
;INSERT INTO adv_dimproduct (ProductKey, EnglishProductName, Color, ProductSubcategoryKey) VALUES (156, N'Metal Bar 1', N'NA', NULL)
;INSERT INTO adv_dimproduct (ProductKey, EnglishProductName, Color, ProductSubcategoryKey) VALUES (157, N'Metal Bar 2', N'NA', NULL)
;INSERT INTO adv_dimproduct (ProductKey, EnglishProductName, Color, ProductSubcategoryKey) VALUES (158, N'Metal Plate 2', N'NA', NULL)
;INSERT INTO adv_dimproduct (ProductKey, EnglishProductName, Color, ProductSubcategoryKey) VALUES (159, N'Metal Plate 1', N'NA', NULL)
;INSERT INTO adv_dimproduct (ProductKey, EnglishProductName, Color, ProductSubcategoryKey) VALUES (160, N'Metal Plate 3', N'NA', NULL)
;INSERT INTO adv_dimproduct (ProductKey, EnglishProductName, Color, ProductSubcategoryKey) VALUES (161, N'Metal Sheet 2', N'NA', NULL)
;INSERT INTO adv_dimproduct (ProductKey, EnglishProductName, Color, ProductSubcategoryKey) VALUES (162, N'Metal Sheet 3', N'NA', NULL)
;INSERT INTO adv_dimproduct (ProductKey, EnglishProductName, Color, ProductSubcategoryKey) VALUES (163, N'Metal Sheet 7', N'NA', NULL)
;INSERT INTO adv_dimproduct (ProductKey, EnglishProductName, Color, ProductSubcategoryKey) VALUES (164, N'Metal Sheet 4', N'NA', NULL)
;INSERT INTO adv_dimproduct (ProductKey, EnglishProductName, Color, ProductSubcategoryKey) VALUES (165, N'Metal Sheet 5', N'NA', NULL)
;INSERT INTO adv_dimproduct (ProductKey, EnglishProductName, Color, ProductSubcategoryKey) VALUES (166, N'Metal Sheet 6', N'NA', NULL)
;INSERT INTO adv_dimproduct (ProductKey, EnglishProductName, Color, ProductSubcategoryKey) VALUES (167, N'Metal Sheet 1', N'NA', NULL)
;INSERT INTO adv_dimproduct (ProductKey, EnglishProductName, Color, ProductSubcategoryKey) VALUES (168, N'Metal Tread Plate', N'NA', NULL)
;INSERT INTO adv_dimproduct (ProductKey, EnglishProductName, Color, ProductSubcategoryKey) VALUES (169, N'LL Nipple', N'NA', NULL)
;INSERT INTO adv_dimproduct (ProductKey, EnglishProductName, Color, ProductSubcategoryKey) VALUES (170, N'HL Nipple', N'NA', NULL)
;INSERT INTO adv_dimproduct (ProductKey, EnglishProductName, Color, ProductSubcategoryKey) VALUES (171, N'Paint - Black', N'NA', NULL)
;INSERT INTO adv_dimproduct (ProductKey, EnglishProductName, Color, ProductSubcategoryKey) VALUES (172, N'Paint - Red', N'NA', NULL)
;INSERT INTO adv_dimproduct (ProductKey, EnglishProductName, Color, ProductSubcategoryKey) VALUES (173, N'Paint - Silver', N'NA', NULL)
;INSERT INTO adv_dimproduct (ProductKey, EnglishProductName, Color, ProductSubcategoryKey) VALUES (174, N'Paint - Blue', N'NA', NULL)
;INSERT INTO adv_dimproduct (ProductKey, EnglishProductName, Color, ProductSubcategoryKey) VALUES (175, N'Paint - Yellow', N'NA', NULL)
;INSERT INTO adv_dimproduct (ProductKey, EnglishProductName, Color, ProductSubcategoryKey) VALUES (176, N'Pinch Bolt', N'NA', NULL)
;INSERT INTO adv_dimproduct (ProductKey, EnglishProductName, Color, ProductSubcategoryKey) VALUES (177, N'Cup-Shaped Race', N'NA', NULL)
;INSERT INTO adv_dimproduct (ProductKey, EnglishProductName, Color, ProductSubcategoryKey) VALUES (178, N'Cone-Shaped Race', N'NA', NULL)
;INSERT INTO adv_dimproduct (ProductKey, EnglishProductName, Color, ProductSubcategoryKey) VALUES (179, N'Reflector', N'NA', NULL)
;INSERT INTO adv_dimproduct (ProductKey, EnglishProductName, Color, ProductSubcategoryKey) VALUES (180, N'LL Mountain Rim', N'NA', NULL)
;INSERT INTO adv_dimproduct (ProductKey, EnglishProductName, Color, ProductSubcategoryKey) VALUES (181, N'ML Mountain Rim', N'NA', NULL)
;INSERT INTO adv_dimproduct (ProductKey, EnglishProductName, Color, ProductSubcategoryKey) VALUES (182, N'HL Mountain Rim', N'NA', NULL)
;INSERT INTO adv_dimproduct (ProductKey, EnglishProductName, Color, ProductSubcategoryKey) VALUES (183, N'LL Road Rim', N'NA', NULL)
;INSERT INTO adv_dimproduct (ProductKey, EnglishProductName, Color, ProductSubcategoryKey) VALUES (184, N'ML Road Rim', N'NA', NULL)
;INSERT INTO adv_dimproduct (ProductKey, EnglishProductName, Color, ProductSubcategoryKey) VALUES (185, N'HL Road Rim', N'NA', NULL)
;INSERT INTO adv_dimproduct (ProductKey, EnglishProductName, Color, ProductSubcategoryKey) VALUES (186, N'Touring Rim', N'NA', NULL)
;INSERT INTO adv_dimproduct (ProductKey, EnglishProductName, Color, ProductSubcategoryKey) VALUES (187, N'LL Mountain Seat Assembly', N'NA', NULL)
;INSERT INTO adv_dimproduct (ProductKey, EnglishProductName, Color, ProductSubcategoryKey) VALUES (188, N'ML Mountain Seat Assembly', N'NA', NULL)
;INSERT INTO adv_dimproduct (ProductKey, EnglishProductName, Color, ProductSubcategoryKey) VALUES (189, N'HL Mountain Seat Assembly', N'NA', NULL)
;INSERT INTO adv_dimproduct (ProductKey, EnglishProductName, Color, ProductSubcategoryKey) VALUES (190, N'LL Road Seat Assembly', N'NA', NULL)
;INSERT INTO adv_dimproduct (ProductKey, EnglishProductName, Color, ProductSubcategoryKey) VALUES (191, N'ML Road Seat Assembly', N'NA', NULL)
;INSERT INTO adv_dimproduct (ProductKey, EnglishProductName, Color, ProductSubcategoryKey) VALUES (192, N'HL Road Seat Assembly', N'NA', NULL)
;INSERT INTO adv_dimproduct (ProductKey, EnglishProductName, Color, ProductSubcategoryKey) VALUES (193, N'LL Touring Seat Assembly', N'NA', NULL)
;INSERT INTO adv_dimproduct (ProductKey, EnglishProductName, Color, ProductSubcategoryKey) VALUES (194, N'ML Touring Seat Assembly', N'NA', NULL)
;INSERT INTO adv_dimproduct (ProductKey, EnglishProductName, Color, ProductSubcategoryKey) VALUES (195, N'HL Touring Seat Assembly', N'NA', NULL)
;INSERT INTO adv_dimproduct (ProductKey, EnglishProductName, Color, ProductSubcategoryKey) VALUES (196, N'LL Spindle/Axle', N'NA', NULL)
;INSERT INTO adv_dimproduct (ProductKey, EnglishProductName, Color, ProductSubcategoryKey) VALUES (197, N'HL Spindle/Axle', N'NA', NULL)
;INSERT INTO adv_dimproduct (ProductKey, EnglishProductName, Color, ProductSubcategoryKey) VALUES (198, N'LL Shell', N'NA', NULL)
;INSERT INTO adv_dimproduct (ProductKey, EnglishProductName, Color, ProductSubcategoryKey) VALUES (199, N'HL Shell', N'NA', NULL)
;INSERT INTO adv_dimproduct (ProductKey, EnglishProductName, Color, ProductSubcategoryKey) VALUES (200, N'Spokes', N'NA', NULL)
;INSERT INTO adv_dimproduct (ProductKey, EnglishProductName, Color, ProductSubcategoryKey) VALUES (201, N'Seat Lug', N'NA', NULL)
;INSERT INTO adv_dimproduct (ProductKey, EnglishProductName, Color, ProductSubcategoryKey) VALUES (202, N'Stem', N'NA', NULL)
;INSERT INTO adv_dimproduct (ProductKey, EnglishProductName, Color, ProductSubcategoryKey) VALUES (203, N'Seat Post', N'NA', NULL)
;INSERT INTO adv_dimproduct (ProductKey, EnglishProductName, Color, ProductSubcategoryKey) VALUES (204, N'Steerer', N'NA', NULL)
;INSERT INTO adv_dimproduct (ProductKey, EnglishProductName, Color, ProductSubcategoryKey) VALUES (205, N'Seat Stays', N'NA', NULL)
;INSERT INTO adv_dimproduct (ProductKey, EnglishProductName, Color, ProductSubcategoryKey) VALUES (206, N'Seat Tube', N'NA', NULL)
;INSERT INTO adv_dimproduct (ProductKey, EnglishProductName, Color, ProductSubcategoryKey) VALUES (207, N'Top Tube', N'NA', NULL)
;INSERT INTO adv_dimproduct (ProductKey, EnglishProductName, Color, ProductSubcategoryKey) VALUES (208, N'Tension Pulley', N'NA', NULL)
;INSERT INTO adv_dimproduct (ProductKey, EnglishProductName, Color, ProductSubcategoryKey) VALUES (209, N'Rear Derailleur Cage', N'Silver', NULL)
;INSERT INTO adv_dimproduct (ProductKey, EnglishProductName, Color, ProductSubcategoryKey) VALUES (210, N'HL Road Frame - Black, 58', N'Black', 14)
;INSERT INTO adv_dimproduct (ProductKey, EnglishProductName, Color, ProductSubcategoryKey) VALUES (211, N'HL Road Frame - Red, 58', N'Red', 14)
;INSERT INTO adv_dimproduct (ProductKey, EnglishProductName, Color, ProductSubcategoryKey) VALUES (212, N'Sport-100 Helmet, Red', N'Red', 31)
;INSERT INTO adv_dimproduct (ProductKey, EnglishProductName, Color, ProductSubcategoryKey) VALUES (213, N'Sport-100 Helmet, Red', N'Red', 31)
;INSERT INTO adv_dimproduct (ProductKey, EnglishProductName, Color, ProductSubcategoryKey) VALUES (214, N'Sport-100 Helmet, Red', N'Red', 31)
;INSERT INTO adv_dimproduct (ProductKey, EnglishProductName, Color, ProductSubcategoryKey) VALUES (215, N'Sport-100 Helmet, Black', N'Black', 31)
;INSERT INTO adv_dimproduct (ProductKey, EnglishProductName, Color, ProductSubcategoryKey) VALUES (216, N'Sport-100 Helmet, Black', N'Black', 31)
;INSERT INTO adv_dimproduct (ProductKey, EnglishProductName, Color, ProductSubcategoryKey) VALUES (217, N'Sport-100 Helmet, Black', N'Black', 31)
;INSERT INTO adv_dimproduct (ProductKey, EnglishProductName, Color, ProductSubcategoryKey) VALUES (218, N'Mountain Bike Socks, M', N'White', 23)
;INSERT INTO adv_dimproduct (ProductKey, EnglishProductName, Color, ProductSubcategoryKey) VALUES (219, N'Mountain Bike Socks, L', N'White', 23)
;INSERT INTO adv_dimproduct (ProductKey, EnglishProductName, Color, ProductSubcategoryKey) VALUES (220, N'Sport-100 Helmet, Blue', N'Blue', 31)
;INSERT INTO adv_dimproduct (ProductKey, EnglishProductName, Color, ProductSubcategoryKey) VALUES (221, N'Sport-100 Helmet, Blue', N'Blue', 31)
;INSERT INTO adv_dimproduct (ProductKey, EnglishProductName, Color, ProductSubcategoryKey) VALUES (222, N'Sport-100 Helmet, Blue', N'Blue', 31)
;INSERT INTO adv_dimproduct (ProductKey, EnglishProductName, Color, ProductSubcategoryKey) VALUES (223, N'AWC Logo Cap', N'Multi', 19)
;INSERT INTO adv_dimproduct (ProductKey, EnglishProductName, Color, ProductSubcategoryKey) VALUES (224, N'AWC Logo Cap', N'Multi', 19)
;INSERT INTO adv_dimproduct (ProductKey, EnglishProductName, Color, ProductSubcategoryKey) VALUES (225, N'AWC Logo Cap', N'Multi', 19)
;INSERT INTO adv_dimproduct (ProductKey, EnglishProductName, Color, ProductSubcategoryKey) VALUES (226, N'Long-Sleeve Logo Jersey, S', N'Multi', 21)
;INSERT INTO adv_dimproduct (ProductKey, EnglishProductName, Color, ProductSubcategoryKey) VALUES (227, N'Long-Sleeve Logo Jersey, S', N'Multi', 21)
;INSERT INTO adv_dimproduct (ProductKey, EnglishProductName, Color, ProductSubcategoryKey) VALUES (228, N'Long-Sleeve Logo Jersey, S', N'Multi', 21)
;INSERT INTO adv_dimproduct (ProductKey, EnglishProductName, Color, ProductSubcategoryKey) VALUES (229, N'Long-Sleeve Logo Jersey, M', N'Multi', 21)
;INSERT INTO adv_dimproduct (ProductKey, EnglishProductName, Color, ProductSubcategoryKey) VALUES (230, N'Long-Sleeve Logo Jersey, M', N'Multi', 21)
;INSERT INTO adv_dimproduct (ProductKey, EnglishProductName, Color, ProductSubcategoryKey) VALUES (231, N'Long-Sleeve Logo Jersey, M', N'Multi', 21)
;INSERT INTO adv_dimproduct (ProductKey, EnglishProductName, Color, ProductSubcategoryKey) VALUES (232, N'Long-Sleeve Logo Jersey, L', N'Multi', 21)
;INSERT INTO adv_dimproduct (ProductKey, EnglishProductName, Color, ProductSubcategoryKey) VALUES (233, N'Long-Sleeve Logo Jersey, L', N'Multi', 21)
;INSERT INTO adv_dimproduct (ProductKey, EnglishProductName, Color, ProductSubcategoryKey) VALUES (234, N'Long-Sleeve Logo Jersey, L', N'Multi', 21)
;INSERT INTO adv_dimproduct (ProductKey, EnglishProductName, Color, ProductSubcategoryKey) VALUES (235, N'Long-Sleeve Logo Jersey, XL', N'Multi', 21)
;INSERT INTO adv_dimproduct (ProductKey, EnglishProductName, Color, ProductSubcategoryKey) VALUES (236, N'Long-Sleeve Logo Jersey, XL', N'Multi', 21)
;INSERT INTO adv_dimproduct (ProductKey, EnglishProductName, Color, ProductSubcategoryKey) VALUES (237, N'Long-Sleeve Logo Jersey, XL', N'Multi', 21)
;INSERT INTO adv_dimproduct (ProductKey, EnglishProductName, Color, ProductSubcategoryKey) VALUES (238, N'HL Road Frame - Red, 62', N'Red', 14)
;INSERT INTO adv_dimproduct (ProductKey, EnglishProductName, Color, ProductSubcategoryKey) VALUES (239, N'HL Road Frame - Red, 62', N'Red', 14)
;INSERT INTO adv_dimproduct (ProductKey, EnglishProductName, Color, ProductSubcategoryKey) VALUES (240, N'HL Road Frame - Red, 62', N'Red', 14)
;INSERT INTO adv_dimproduct (ProductKey, EnglishProductName, Color, ProductSubcategoryKey) VALUES (241, N'HL Road Frame - Red, 44', N'Red', 14)
;INSERT INTO adv_dimproduct (ProductKey, EnglishProductName, Color, ProductSubcategoryKey) VALUES (242, N'HL Road Frame - Red, 44', N'Red', 14)
;INSERT INTO adv_dimproduct (ProductKey, EnglishProductName, Color, ProductSubcategoryKey) VALUES (243, N'HL Road Frame - Red, 44', N'Red', 14)
;INSERT INTO adv_dimproduct (ProductKey, EnglishProductName, Color, ProductSubcategoryKey) VALUES (244, N'HL Road Frame - Red, 48', N'Red', 14)
;INSERT INTO adv_dimproduct (ProductKey, EnglishProductName, Color, ProductSubcategoryKey) VALUES (245, N'HL Road Frame - Red, 48', N'Red', 14)
;INSERT INTO adv_dimproduct (ProductKey, EnglishProductName, Color, ProductSubcategoryKey) VALUES (246, N'HL Road Frame - Red, 48', N'Red', 14)
;INSERT INTO adv_dimproduct (ProductKey, EnglishProductName, Color, ProductSubcategoryKey) VALUES (247, N'HL Road Frame - Red, 52', N'Red', 14)
;INSERT INTO adv_dimproduct (ProductKey, EnglishProductName, Color, ProductSubcategoryKey) VALUES (248, N'HL Road Frame - Red, 52', N'Red', 14)
;INSERT INTO adv_dimproduct (ProductKey, EnglishProductName, Color, ProductSubcategoryKey) VALUES (249, N'HL Road Frame - Red, 52', N'Red', 14)
;INSERT INTO adv_dimproduct (ProductKey, EnglishProductName, Color, ProductSubcategoryKey) VALUES (250, N'HL Road Frame - Red, 56', N'Red', 14)
;INSERT INTO adv_dimproduct (ProductKey, EnglishProductName, Color, ProductSubcategoryKey) VALUES (251, N'HL Road Frame - Red, 56', N'Red', 14)
;INSERT INTO adv_dimproduct (ProductKey, EnglishProductName, Color, ProductSubcategoryKey) VALUES (252, N'HL Road Frame - Red, 56', N'Red', 14)
;INSERT INTO adv_dimproduct (ProductKey, EnglishProductName, Color, ProductSubcategoryKey) VALUES (253, N'LL Road Frame - Black, 58', N'Black', 14)
;INSERT INTO adv_dimproduct (ProductKey, EnglishProductName, Color, ProductSubcategoryKey) VALUES (254, N'LL Road Frame - Black, 58', N'Black', 14)
;INSERT INTO adv_dimproduct (ProductKey, EnglishProductName, Color, ProductSubcategoryKey) VALUES (255, N'LL Road Frame - Black, 58', N'Black', 14)
;INSERT INTO adv_dimproduct (ProductKey, EnglishProductName, Color, ProductSubcategoryKey) VALUES (256, N'LL Road Frame - Black, 60', N'Black', 14)
;INSERT INTO adv_dimproduct (ProductKey, EnglishProductName, Color, ProductSubcategoryKey) VALUES (257, N'LL Road Frame - Black, 60', N'Black', 14)
;INSERT INTO adv_dimproduct (ProductKey, EnglishProductName, Color, ProductSubcategoryKey) VALUES (258, N'LL Road Frame - Black, 60', N'Black', 14)
;INSERT INTO adv_dimproduct (ProductKey, EnglishProductName, Color, ProductSubcategoryKey) VALUES (259, N'LL Road Frame - Black, 62', N'Black', 14)
;INSERT INTO adv_dimproduct (ProductKey, EnglishProductName, Color, ProductSubcategoryKey) VALUES (260, N'LL Road Frame - Black, 62', N'Black', 14)
;INSERT INTO adv_dimproduct (ProductKey, EnglishProductName, Color, ProductSubcategoryKey) VALUES (261, N'LL Road Frame - Black, 62', N'Black', 14)
;INSERT INTO adv_dimproduct (ProductKey, EnglishProductName, Color, ProductSubcategoryKey) VALUES (262, N'LL Road Frame - Red, 44', N'Red', 14)
;INSERT INTO adv_dimproduct (ProductKey, EnglishProductName, Color, ProductSubcategoryKey) VALUES (263, N'LL Road Frame - Red, 44', N'Red', 14)
;INSERT INTO adv_dimproduct (ProductKey, EnglishProductName, Color, ProductSubcategoryKey) VALUES (264, N'LL Road Frame - Red, 48', N'Red', 14)
;INSERT INTO adv_dimproduct (ProductKey, EnglishProductName, Color, ProductSubcategoryKey) VALUES (265, N'LL Road Frame - Red, 48', N'Red', 14)
;INSERT INTO adv_dimproduct (ProductKey, EnglishProductName, Color, ProductSubcategoryKey) VALUES (266, N'LL Road Frame - Red, 52', N'Red', 14)
;INSERT INTO adv_dimproduct (ProductKey, EnglishProductName, Color, ProductSubcategoryKey) VALUES (267, N'LL Road Frame - Red, 52', N'Red', 14)
;INSERT INTO adv_dimproduct (ProductKey, EnglishProductName, Color, ProductSubcategoryKey) VALUES (268, N'LL Road Frame - Red, 58', N'Red', 14)
;INSERT INTO adv_dimproduct (ProductKey, EnglishProductName, Color, ProductSubcategoryKey) VALUES (269, N'LL Road Frame - Red, 58', N'Red', 14)
;INSERT INTO adv_dimproduct (ProductKey, EnglishProductName, Color, ProductSubcategoryKey) VALUES (270, N'LL Road Frame - Red, 60', N'Red', 14)
;INSERT INTO adv_dimproduct (ProductKey, EnglishProductName, Color, ProductSubcategoryKey) VALUES (271, N'LL Road Frame - Red, 60', N'Red', 14)
;INSERT INTO adv_dimproduct (ProductKey, EnglishProductName, Color, ProductSubcategoryKey) VALUES (272, N'LL Road Frame - Red, 62', N'Red', 14)
;INSERT INTO adv_dimproduct (ProductKey, EnglishProductName, Color, ProductSubcategoryKey) VALUES (273, N'LL Road Frame - Red, 62', N'Red', 14)
;INSERT INTO adv_dimproduct (ProductKey, EnglishProductName, Color, ProductSubcategoryKey) VALUES (274, N'ML Road Frame - Red, 44', N'Red', 14)
;INSERT INTO adv_dimproduct (ProductKey, EnglishProductName, Color, ProductSubcategoryKey) VALUES (275, N'ML Road Frame - Red, 48', N'Red', 14)
;INSERT INTO adv_dimproduct (ProductKey, EnglishProductName, Color, ProductSubcategoryKey) VALUES (276, N'ML Road Frame - Red, 52', N'Red', 14)
;INSERT INTO adv_dimproduct (ProductKey, EnglishProductName, Color, ProductSubcategoryKey) VALUES (277, N'ML Road Frame - Red, 58', N'Red', 14)
;INSERT INTO adv_dimproduct (ProductKey, EnglishProductName, Color, ProductSubcategoryKey) VALUES (278, N'ML Road Frame - Red, 60', N'Red', 14)
;INSERT INTO adv_dimproduct (ProductKey, EnglishProductName, Color, ProductSubcategoryKey) VALUES (279, N'LL Road Frame - Black, 44', N'Black', 14)
;INSERT INTO adv_dimproduct (ProductKey, EnglishProductName, Color, ProductSubcategoryKey) VALUES (280, N'LL Road Frame - Black, 44', N'Black', 14)
;INSERT INTO adv_dimproduct (ProductKey, EnglishProductName, Color, ProductSubcategoryKey) VALUES (281, N'LL Road Frame - Black, 44', N'Black', 14)
;INSERT INTO adv_dimproduct (ProductKey, EnglishProductName, Color, ProductSubcategoryKey) VALUES (282, N'LL Road Frame - Black, 48', N'Black', 14)
;INSERT INTO adv_dimproduct (ProductKey, EnglishProductName, Color, ProductSubcategoryKey) VALUES (283, N'LL Road Frame - Black, 48', N'Black', 14)
;INSERT INTO adv_dimproduct (ProductKey, EnglishProductName, Color, ProductSubcategoryKey) VALUES (284, N'LL Road Frame - Black, 48', N'Black', 14)
;INSERT INTO adv_dimproduct (ProductKey, EnglishProductName, Color, ProductSubcategoryKey) VALUES (285, N'LL Road Frame - Black, 52', N'Black', 14)
;INSERT INTO adv_dimproduct (ProductKey, EnglishProductName, Color, ProductSubcategoryKey) VALUES (286, N'LL Road Frame - Black, 52', N'Black', 14)
;INSERT INTO adv_dimproduct (ProductKey, EnglishProductName, Color, ProductSubcategoryKey) VALUES (287, N'LL Road Frame - Black, 52', N'Black', 14)
;INSERT INTO adv_dimproduct (ProductKey, EnglishProductName, Color, ProductSubcategoryKey) VALUES (288, N'HL Mountain Frame - Silver, 42', N'Silver', 12)
;INSERT INTO adv_dimproduct (ProductKey, EnglishProductName, Color, ProductSubcategoryKey) VALUES (289, N'HL Mountain Frame - Silver, 42', N'Silver', 12)
;INSERT INTO adv_dimproduct (ProductKey, EnglishProductName, Color, ProductSubcategoryKey) VALUES (290, N'HL Mountain Frame - Silver, 42', N'Silver', 12)
;INSERT INTO adv_dimproduct (ProductKey, EnglishProductName, Color, ProductSubcategoryKey) VALUES (291, N'HL Mountain Frame - Silver, 44', N'Silver', 12)
;INSERT INTO adv_dimproduct (ProductKey, EnglishProductName, Color, ProductSubcategoryKey) VALUES (292, N'HL Mountain Frame - Silver, 48', N'Silver', 12)
;INSERT INTO adv_dimproduct (ProductKey, EnglishProductName, Color, ProductSubcategoryKey) VALUES (293, N'HL Mountain Frame - Silver, 46', N'Silver', 12)
;INSERT INTO adv_dimproduct (ProductKey, EnglishProductName, Color, ProductSubcategoryKey) VALUES (294, N'HL Mountain Frame - Silver, 46', N'Silver', 12)
;INSERT INTO adv_dimproduct (ProductKey, EnglishProductName, Color, ProductSubcategoryKey) VALUES (295, N'HL Mountain Frame - Silver, 46', N'Silver', 12)
;INSERT INTO adv_dimproduct (ProductKey, EnglishProductName, Color, ProductSubcategoryKey) VALUES (296, N'HL Mountain Frame - Black, 42', N'Black', 12)
;INSERT INTO adv_dimproduct (ProductKey, EnglishProductName, Color, ProductSubcategoryKey) VALUES (297, N'HL Mountain Frame - Black, 42', N'Black', 12)
;INSERT INTO adv_dimproduct (ProductKey, EnglishProductName, Color, ProductSubcategoryKey) VALUES (298, N'HL Mountain Frame - Black, 42', N'Black', 12)
;INSERT INTO adv_dimproduct (ProductKey, EnglishProductName, Color, ProductSubcategoryKey) VALUES (299, N'HL Mountain Frame - Black, 44', N'Black', 12)
;INSERT INTO adv_dimproduct (ProductKey, EnglishProductName, Color, ProductSubcategoryKey) VALUES (300, N'HL Mountain Frame - Black, 48', N'Black', 12)
;INSERT INTO adv_dimproduct (ProductKey, EnglishProductName, Color, ProductSubcategoryKey) VALUES (301, N'HL Mountain Frame - Black, 46', N'Black', 12)
;INSERT INTO adv_dimproduct (ProductKey, EnglishProductName, Color, ProductSubcategoryKey) VALUES (302, N'HL Mountain Frame - Black, 46', N'Black', 12)
;INSERT INTO adv_dimproduct (ProductKey, EnglishProductName, Color, ProductSubcategoryKey) VALUES (303, N'HL Mountain Frame - Black, 46', N'Black', 12)
;INSERT INTO adv_dimproduct (ProductKey, EnglishProductName, Color, ProductSubcategoryKey) VALUES (304, N'HL Mountain Frame - Black, 38', N'Black', 12)
;INSERT INTO adv_dimproduct (ProductKey, EnglishProductName, Color, ProductSubcategoryKey) VALUES (305, N'HL Mountain Frame - Black, 38', N'Black', 12)
;INSERT INTO adv_dimproduct (ProductKey, EnglishProductName, Color, ProductSubcategoryKey) VALUES (306, N'HL Mountain Frame - Black, 38', N'Black', 12)
;INSERT INTO adv_dimproduct (ProductKey, EnglishProductName, Color, ProductSubcategoryKey) VALUES (307, N'HL Mountain Frame - Silver, 38', N'Silver', 12)
;INSERT INTO adv_dimproduct (ProductKey, EnglishProductName, Color, ProductSubcategoryKey) VALUES (308, N'HL Mountain Frame - Silver, 38', N'Silver', 12)
;INSERT INTO adv_dimproduct (ProductKey, EnglishProductName, Color, ProductSubcategoryKey) VALUES (309, N'HL Mountain Frame - Silver, 38', N'Silver', 12)
;INSERT INTO adv_dimproduct (ProductKey, EnglishProductName, Color, ProductSubcategoryKey) VALUES (310, N'Road-150 Red, 62', N'Red', 2)
;INSERT INTO adv_dimproduct (ProductKey, EnglishProductName, Color, ProductSubcategoryKey) VALUES (311, N'Road-150 Red, 44', N'Red', 2)
;INSERT INTO adv_dimproduct (ProductKey, EnglishProductName, Color, ProductSubcategoryKey) VALUES (312, N'Road-150 Red, 48', N'Red', 2)
;INSERT INTO adv_dimproduct (ProductKey, EnglishProductName, Color, ProductSubcategoryKey) VALUES (313, N'Road-150 Red, 52', N'Red', 2)
;INSERT INTO adv_dimproduct (ProductKey, EnglishProductName, Color, ProductSubcategoryKey) VALUES (314, N'Road-150 Red, 56', N'Red', 2)
;INSERT INTO adv_dimproduct (ProductKey, EnglishProductName, Color, ProductSubcategoryKey) VALUES (315, N'Road-450 Red, 58', N'Red', 2)
;INSERT INTO adv_dimproduct (ProductKey, EnglishProductName, Color, ProductSubcategoryKey) VALUES (316, N'Road-450 Red, 60', N'Red', 2)
;INSERT INTO adv_dimproduct (ProductKey, EnglishProductName, Color, ProductSubcategoryKey) VALUES (317, N'Road-450 Red, 44', N'Red', 2)
;INSERT INTO adv_dimproduct (ProductKey, EnglishProductName, Color, ProductSubcategoryKey) VALUES (318, N'Road-450 Red, 48', N'Red', 2)
;INSERT INTO adv_dimproduct (ProductKey, EnglishProductName, Color, ProductSubcategoryKey) VALUES (319, N'Road-450 Red, 52', N'Red', 2)
;INSERT INTO adv_dimproduct (ProductKey, EnglishProductName, Color, ProductSubcategoryKey) VALUES (320, N'Road-650 Red, 58', N'Red', 2)
;INSERT INTO adv_dimproduct (ProductKey, EnglishProductName, Color, ProductSubcategoryKey) VALUES (321, N'Road-650 Red, 58', N'Red', 2)
;INSERT INTO adv_dimproduct (ProductKey, EnglishProductName, Color, ProductSubcategoryKey) VALUES (322, N'Road-650 Red, 60', N'Red', 2)
;INSERT INTO adv_dimproduct (ProductKey, EnglishProductName, Color, ProductSubcategoryKey) VALUES (323, N'Road-650 Red, 60', N'Red', 2)
;INSERT INTO adv_dimproduct (ProductKey, EnglishProductName, Color, ProductSubcategoryKey) VALUES (324, N'Road-650 Red, 62', N'Red', 2)
;INSERT INTO adv_dimproduct (ProductKey, EnglishProductName, Color, ProductSubcategoryKey) VALUES (325, N'Road-650 Red, 62', N'Red', 2)
;INSERT INTO adv_dimproduct (ProductKey, EnglishProductName, Color, ProductSubcategoryKey) VALUES (326, N'Road-650 Red, 44', N'Red', 2)
;INSERT INTO adv_dimproduct (ProductKey, EnglishProductName, Color, ProductSubcategoryKey) VALUES (327, N'Road-650 Red, 44', N'Red', 2)
;INSERT INTO adv_dimproduct (ProductKey, EnglishProductName, Color, ProductSubcategoryKey) VALUES (328, N'Road-650 Red, 48', N'Red', 2)
;INSERT INTO adv_dimproduct (ProductKey, EnglishProductName, Color, ProductSubcategoryKey) VALUES (329, N'Road-650 Red, 48', N'Red', 2)
;INSERT INTO adv_dimproduct (ProductKey, EnglishProductName, Color, ProductSubcategoryKey) VALUES (330, N'Road-650 Red, 52', N'Red', 2)
;INSERT INTO adv_dimproduct (ProductKey, EnglishProductName, Color, ProductSubcategoryKey) VALUES (331, N'Road-650 Red, 52', N'Red', 2)
;INSERT INTO adv_dimproduct (ProductKey, EnglishProductName, Color, ProductSubcategoryKey) VALUES (332, N'Road-650 Black, 58', N'Black', 2)
;INSERT INTO adv_dimproduct (ProductKey, EnglishProductName, Color, ProductSubcategoryKey) VALUES (333, N'Road-650 Black, 58', N'Black', 2)
;INSERT INTO adv_dimproduct (ProductKey, EnglishProductName, Color, ProductSubcategoryKey) VALUES (334, N'Road-650 Black, 60', N'Black', 2)
;INSERT INTO adv_dimproduct (ProductKey, EnglishProductName, Color, ProductSubcategoryKey) VALUES (335, N'Road-650 Black, 60', N'Black', 2)
;INSERT INTO adv_dimproduct (ProductKey, EnglishProductName, Color, ProductSubcategoryKey) VALUES (336, N'Road-650 Black, 62', N'Black', 2)
;INSERT INTO adv_dimproduct (ProductKey, EnglishProductName, Color, ProductSubcategoryKey) VALUES (337, N'Road-650 Black, 62', N'Black', 2)
;INSERT INTO adv_dimproduct (ProductKey, EnglishProductName, Color, ProductSubcategoryKey) VALUES (338, N'Road-650 Black, 44', N'Black', 2)
;INSERT INTO adv_dimproduct (ProductKey, EnglishProductName, Color, ProductSubcategoryKey) VALUES (339, N'Road-650 Black, 44', N'Black', 2)
;INSERT INTO adv_dimproduct (ProductKey, EnglishProductName, Color, ProductSubcategoryKey) VALUES (340, N'Road-650 Black, 48', N'Black', 2)
;INSERT INTO adv_dimproduct (ProductKey, EnglishProductName, Color, ProductSubcategoryKey) VALUES (341, N'Road-650 Black, 48', N'Black', 2)
;INSERT INTO adv_dimproduct (ProductKey, EnglishProductName, Color, ProductSubcategoryKey) VALUES (342, N'Road-650 Black, 52', N'Black', 2)
;INSERT INTO adv_dimproduct (ProductKey, EnglishProductName, Color, ProductSubcategoryKey) VALUES (343, N'Road-650 Black, 52', N'Black', 2)
;INSERT INTO adv_dimproduct (ProductKey, EnglishProductName, Color, ProductSubcategoryKey) VALUES (344, N'Mountain-100 Silver, 38', N'Silver', 1)
;INSERT INTO adv_dimproduct (ProductKey, EnglishProductName, Color, ProductSubcategoryKey) VALUES (345, N'Mountain-100 Silver, 42', N'Silver', 1)
;INSERT INTO adv_dimproduct (ProductKey, EnglishProductName, Color, ProductSubcategoryKey) VALUES (346, N'Mountain-100 Silver, 44', N'Silver', 1)
;INSERT INTO adv_dimproduct (ProductKey, EnglishProductName, Color, ProductSubcategoryKey) VALUES (347, N'Mountain-100 Silver, 48', N'Silver', 1)
;INSERT INTO adv_dimproduct (ProductKey, EnglishProductName, Color, ProductSubcategoryKey) VALUES (348, N'Mountain-100 Black, 38', N'Black', 1)
;INSERT INTO adv_dimproduct (ProductKey, EnglishProductName, Color, ProductSubcategoryKey) VALUES (349, N'Mountain-100 Black, 42', N'Black', 1)
;INSERT INTO adv_dimproduct (ProductKey, EnglishProductName, Color, ProductSubcategoryKey) VALUES (350, N'Mountain-100 Black, 44', N'Black', 1)
;INSERT INTO adv_dimproduct (ProductKey, EnglishProductName, Color, ProductSubcategoryKey) VALUES (351, N'Mountain-100 Black, 48', N'Black', 1)
;INSERT INTO adv_dimproduct (ProductKey, EnglishProductName, Color, ProductSubcategoryKey) VALUES (352, N'Mountain-200 Silver, 38', N'Silver', 1)
;INSERT INTO adv_dimproduct (ProductKey, EnglishProductName, Color, ProductSubcategoryKey) VALUES (353, N'Mountain-200 Silver, 38', N'Silver', 1)
;INSERT INTO adv_dimproduct (ProductKey, EnglishProductName, Color, ProductSubcategoryKey) VALUES (354, N'Mountain-200 Silver, 42', N'Silver', 1)
;INSERT INTO adv_dimproduct (ProductKey, EnglishProductName, Color, ProductSubcategoryKey) VALUES (355, N'Mountain-200 Silver, 42', N'Silver', 1)
;INSERT INTO adv_dimproduct (ProductKey, EnglishProductName, Color, ProductSubcategoryKey) VALUES (356, N'Mountain-200 Silver, 46', N'Silver', 1)
;INSERT INTO adv_dimproduct (ProductKey, EnglishProductName, Color, ProductSubcategoryKey) VALUES (357, N'Mountain-200 Silver, 46', N'Silver', 1)
;INSERT INTO adv_dimproduct (ProductKey, EnglishProductName, Color, ProductSubcategoryKey) VALUES (358, N'Mountain-200 Black, 38', N'Black', 1)
;INSERT INTO adv_dimproduct (ProductKey, EnglishProductName, Color, ProductSubcategoryKey) VALUES (359, N'Mountain-200 Black, 38', N'Black', 1)
;INSERT INTO adv_dimproduct (ProductKey, EnglishProductName, Color, ProductSubcategoryKey) VALUES (360, N'Mountain-200 Black, 42', N'Black', 1)
;INSERT INTO adv_dimproduct (ProductKey, EnglishProductName, Color, ProductSubcategoryKey) VALUES (361, N'Mountain-200 Black, 42', N'Black', 1)
;INSERT INTO adv_dimproduct (ProductKey, EnglishProductName, Color, ProductSubcategoryKey) VALUES (362, N'Mountain-200 Black, 46', N'Black', 1)
;INSERT INTO adv_dimproduct (ProductKey, EnglishProductName, Color, ProductSubcategoryKey) VALUES (363, N'Mountain-200 Black, 46', N'Black', 1)
;INSERT INTO adv_dimproduct (ProductKey, EnglishProductName, Color, ProductSubcategoryKey) VALUES (364, N'Mountain-300 Black, 38', N'Black', 1)
;INSERT INTO adv_dimproduct (ProductKey, EnglishProductName, Color, ProductSubcategoryKey) VALUES (365, N'Mountain-300 Black, 40', N'Black', 1)
;INSERT INTO adv_dimproduct (ProductKey, EnglishProductName, Color, ProductSubcategoryKey) VALUES (366, N'Mountain-300 Black, 44', N'Black', 1)
;INSERT INTO adv_dimproduct (ProductKey, EnglishProductName, Color, ProductSubcategoryKey) VALUES (367, N'Mountain-300 Black, 48', N'Black', 1)
;INSERT INTO adv_dimproduct (ProductKey, EnglishProductName, Color, ProductSubcategoryKey) VALUES (368, N'Road-250 Red, 44', N'Red', 2)
;INSERT INTO adv_dimproduct (ProductKey, EnglishProductName, Color, ProductSubcategoryKey) VALUES (369, N'Road-250 Red, 48', N'Red', 2)
;INSERT INTO adv_dimproduct (ProductKey, EnglishProductName, Color, ProductSubcategoryKey) VALUES (370, N'Road-250 Red, 52', N'Red', 2)
;INSERT INTO adv_dimproduct (ProductKey, EnglishProductName, Color, ProductSubcategoryKey) VALUES (371, N'Road-250 Red, 58', N'Red', 2)
;INSERT INTO adv_dimproduct (ProductKey, EnglishProductName, Color, ProductSubcategoryKey) VALUES (372, N'Road-250 Red, 58', N'Red', 2)
;INSERT INTO adv_dimproduct (ProductKey, EnglishProductName, Color, ProductSubcategoryKey) VALUES (373, N'Road-250 Black, 44', N'Black', 2)
;INSERT INTO adv_dimproduct (ProductKey, EnglishProductName, Color, ProductSubcategoryKey) VALUES (374, N'Road-250 Black, 44', N'Black', 2)
;INSERT INTO adv_dimproduct (ProductKey, EnglishProductName, Color, ProductSubcategoryKey) VALUES (375, N'Road-250 Black, 48', N'Black', 2)
;INSERT INTO adv_dimproduct (ProductKey, EnglishProductName, Color, ProductSubcategoryKey) VALUES (376, N'Road-250 Black, 48', N'Black', 2)
;INSERT INTO adv_dimproduct (ProductKey, EnglishProductName, Color, ProductSubcategoryKey) VALUES (377, N'Road-250 Black, 52', N'Black', 2)
;INSERT INTO adv_dimproduct (ProductKey, EnglishProductName, Color, ProductSubcategoryKey) VALUES (378, N'Road-250 Black, 52', N'Black', 2)
;INSERT INTO adv_dimproduct (ProductKey, EnglishProductName, Color, ProductSubcategoryKey) VALUES (379, N'Road-250 Black, 58', N'Black', 2)
;INSERT INTO adv_dimproduct (ProductKey, EnglishProductName, Color, ProductSubcategoryKey) VALUES (380, N'Road-250 Black, 58', N'Black', 2)
;INSERT INTO adv_dimproduct (ProductKey, EnglishProductName, Color, ProductSubcategoryKey) VALUES (381, N'Road-550-W Yellow, 38', N'Yellow', 2)
;INSERT INTO adv_dimproduct (ProductKey, EnglishProductName, Color, ProductSubcategoryKey) VALUES (382, N'Road-550-W Yellow, 38', N'Yellow', 2)
;INSERT INTO adv_dimproduct (ProductKey, EnglishProductName, Color, ProductSubcategoryKey) VALUES (383, N'Road-550-W Yellow, 40', N'Yellow', 2)
;INSERT INTO adv_dimproduct (ProductKey, EnglishProductName, Color, ProductSubcategoryKey) VALUES (384, N'Road-550-W Yellow, 40', N'Yellow', 2)
;INSERT INTO adv_dimproduct (ProductKey, EnglishProductName, Color, ProductSubcategoryKey) VALUES (385, N'Road-550-W Yellow, 42', N'Yellow', 2)
;INSERT INTO adv_dimproduct (ProductKey, EnglishProductName, Color, ProductSubcategoryKey) VALUES (386, N'Road-550-W Yellow, 42', N'Yellow', 2)
;INSERT INTO adv_dimproduct (ProductKey, EnglishProductName, Color, ProductSubcategoryKey) VALUES (387, N'Road-550-W Yellow, 44', N'Yellow', 2)
;INSERT INTO adv_dimproduct (ProductKey, EnglishProductName, Color, ProductSubcategoryKey) VALUES (388, N'Road-550-W Yellow, 44', N'Yellow', 2)
;INSERT INTO adv_dimproduct (ProductKey, EnglishProductName, Color, ProductSubcategoryKey) VALUES (389, N'Road-550-W Yellow, 48', N'Yellow', 2)
;INSERT INTO adv_dimproduct (ProductKey, EnglishProductName, Color, ProductSubcategoryKey) VALUES (390, N'Road-550-W Yellow, 48', N'Yellow', 2)
;INSERT INTO adv_dimproduct (ProductKey, EnglishProductName, Color, ProductSubcategoryKey) VALUES (391, N'LL Fork', N'NA', 10)
;INSERT INTO adv_dimproduct (ProductKey, EnglishProductName, Color, ProductSubcategoryKey) VALUES (392, N'ML Fork', N'NA', 10)
;INSERT INTO adv_dimproduct (ProductKey, EnglishProductName, Color, ProductSubcategoryKey) VALUES (393, N'HL Fork', N'NA', 10)
;INSERT INTO adv_dimproduct (ProductKey, EnglishProductName, Color, ProductSubcategoryKey) VALUES (394, N'LL Headset', N'NA', 11)
;INSERT INTO adv_dimproduct (ProductKey, EnglishProductName, Color, ProductSubcategoryKey) VALUES (395, N'ML Headset', N'NA', 11)
;INSERT INTO adv_dimproduct (ProductKey, EnglishProductName, Color, ProductSubcategoryKey) VALUES (396, N'HL Headset', N'NA', 11)
;INSERT INTO adv_dimproduct (ProductKey, EnglishProductName, Color, ProductSubcategoryKey) VALUES (397, N'LL Mountain Handlebars', N'NA', 4)
;INSERT INTO adv_dimproduct (ProductKey, EnglishProductName, Color, ProductSubcategoryKey) VALUES (398, N'LL Mountain Handlebars', N'NA', 4)
;INSERT INTO adv_dimproduct (ProductKey, EnglishProductName, Color, ProductSubcategoryKey) VALUES (399, N'ML Mountain Handlebars', N'NA', 4)
;INSERT INTO adv_dimproduct (ProductKey, EnglishProductName, Color, ProductSubcategoryKey) VALUES (400, N'ML Mountain Handlebars', N'NA', 4)
;INSERT INTO adv_dimproduct (ProductKey, EnglishProductName, Color, ProductSubcategoryKey) VALUES (401, N'HL Mountain Handlebars', N'NA', 4)
;INSERT INTO adv_dimproduct (ProductKey, EnglishProductName, Color, ProductSubcategoryKey) VALUES (402, N'HL Mountain Handlebars', N'NA', 4)
;INSERT INTO adv_dimproduct (ProductKey, EnglishProductName, Color, ProductSubcategoryKey) VALUES (403, N'LL Road Handlebars', N'NA', 4)
;INSERT INTO adv_dimproduct (ProductKey, EnglishProductName, Color, ProductSubcategoryKey) VALUES (404, N'LL Road Handlebars', N'NA', 4)
;INSERT INTO adv_dimproduct (ProductKey, EnglishProductName, Color, ProductSubcategoryKey) VALUES (405, N'ML Road Handlebars', N'NA', 4)
;INSERT INTO adv_dimproduct (ProductKey, EnglishProductName, Color, ProductSubcategoryKey) VALUES (406, N'ML Road Handlebars', N'NA', 4)
;INSERT INTO adv_dimproduct (ProductKey, EnglishProductName, Color, ProductSubcategoryKey) VALUES (407, N'HL Road Handlebars', N'NA', 4)
;INSERT INTO adv_dimproduct (ProductKey, EnglishProductName, Color, ProductSubcategoryKey) VALUES (408, N'HL Road Handlebars', N'NA', 4)
;INSERT INTO adv_dimproduct (ProductKey, EnglishProductName, Color, ProductSubcategoryKey) VALUES (409, N'ML Mountain Frame - Black, 38', N'Black', 12)
;INSERT INTO adv_dimproduct (ProductKey, EnglishProductName, Color, ProductSubcategoryKey) VALUES (410, N'LL Mountain Front Wheel', N'Black', 17)
;INSERT INTO adv_dimproduct (ProductKey, EnglishProductName, Color, ProductSubcategoryKey) VALUES (411, N'ML Mountain Front Wheel', N'Black', 17)
;INSERT INTO adv_dimproduct (ProductKey, EnglishProductName, Color, ProductSubcategoryKey) VALUES (412, N'HL Mountain Front Wheel', N'Black', 17)
;INSERT INTO adv_dimproduct (ProductKey, EnglishProductName, Color, ProductSubcategoryKey) VALUES (413, N'LL Road Front Wheel', N'Black', 17)
;INSERT INTO adv_dimproduct (ProductKey, EnglishProductName, Color, ProductSubcategoryKey) VALUES (414, N'ML Road Front Wheel', N'Black', 17)
;INSERT INTO adv_dimproduct (ProductKey, EnglishProductName, Color, ProductSubcategoryKey) VALUES (415, N'HL Road Front Wheel', N'Black', 17)
;INSERT INTO adv_dimproduct (ProductKey, EnglishProductName, Color, ProductSubcategoryKey) VALUES (416, N'Touring Front Wheel', N'Black', 17)
;INSERT INTO adv_dimproduct (ProductKey, EnglishProductName, Color, ProductSubcategoryKey) VALUES (417, N'ML Road Frame-W - Yellow, 38', N'Yellow', 14)
;INSERT INTO adv_dimproduct (ProductKey, EnglishProductName, Color, ProductSubcategoryKey) VALUES (418, N'ML Road Frame-W - Yellow, 38', N'Yellow', 14)
;INSERT INTO adv_dimproduct (ProductKey, EnglishProductName, Color, ProductSubcategoryKey) VALUES (419, N'LL Mountain Rear Wheel', N'Black', 17)
;INSERT INTO adv_dimproduct (ProductKey, EnglishProductName, Color, ProductSubcategoryKey) VALUES (420, N'ML Mountain Rear Wheel', N'Black', 17)
;INSERT INTO adv_dimproduct (ProductKey, EnglishProductName, Color, ProductSubcategoryKey) VALUES (421, N'HL Mountain Rear Wheel', N'Black', 17)
;INSERT INTO adv_dimproduct (ProductKey, EnglishProductName, Color, ProductSubcategoryKey) VALUES (422, N'LL Road Rear Wheel', N'Black', 17)
;INSERT INTO adv_dimproduct (ProductKey, EnglishProductName, Color, ProductSubcategoryKey) VALUES (423, N'ML Road Rear Wheel', N'Black', 17)
;INSERT INTO adv_dimproduct (ProductKey, EnglishProductName, Color, ProductSubcategoryKey) VALUES (424, N'HL Road Rear Wheel', N'Black', 17)
;INSERT INTO adv_dimproduct (ProductKey, EnglishProductName, Color, ProductSubcategoryKey) VALUES (425, N'Touring Rear Wheel', N'Black', 17)
;INSERT INTO adv_dimproduct (ProductKey, EnglishProductName, Color, ProductSubcategoryKey) VALUES (426, N'ML Mountain Frame - Black, 40', N'Black', 12)
;INSERT INTO adv_dimproduct (ProductKey, EnglishProductName, Color, ProductSubcategoryKey) VALUES (427, N'ML Mountain Frame - Black, 44', N'Black', 12)
;INSERT INTO adv_dimproduct (ProductKey, EnglishProductName, Color, ProductSubcategoryKey) VALUES (428, N'ML Mountain Frame - Black, 48', N'Black', 12)
;INSERT INTO adv_dimproduct (ProductKey, EnglishProductName, Color, ProductSubcategoryKey) VALUES (429, N'ML Road Frame-W - Yellow, 40', N'Yellow', 14)
;INSERT INTO adv_dimproduct (ProductKey, EnglishProductName, Color, ProductSubcategoryKey) VALUES (430, N'ML Road Frame-W - Yellow, 40', N'Yellow', 14)
;INSERT INTO adv_dimproduct (ProductKey, EnglishProductName, Color, ProductSubcategoryKey) VALUES (431, N'ML Road Frame-W - Yellow, 42', N'Yellow', 14)
;INSERT INTO adv_dimproduct (ProductKey, EnglishProductName, Color, ProductSubcategoryKey) VALUES (432, N'ML Road Frame-W - Yellow, 42', N'Yellow', 14)
;INSERT INTO adv_dimproduct (ProductKey, EnglishProductName, Color, ProductSubcategoryKey) VALUES (433, N'ML Road Frame-W - Yellow, 44', N'Yellow', 14)
;INSERT INTO adv_dimproduct (ProductKey, EnglishProductName, Color, ProductSubcategoryKey) VALUES (434, N'ML Road Frame-W - Yellow, 44', N'Yellow', 14)
;INSERT INTO adv_dimproduct (ProductKey, EnglishProductName, Color, ProductSubcategoryKey) VALUES (435, N'ML Road Frame-W - Yellow, 48', N'Yellow', 14)
;INSERT INTO adv_dimproduct (ProductKey, EnglishProductName, Color, ProductSubcategoryKey) VALUES (436, N'ML Road Frame-W - Yellow, 48', N'Yellow', 14)
;INSERT INTO adv_dimproduct (ProductKey, EnglishProductName, Color, ProductSubcategoryKey) VALUES (437, N'HL Road Frame - Black, 62', N'Black', 14)
;INSERT INTO adv_dimproduct (ProductKey, EnglishProductName, Color, ProductSubcategoryKey) VALUES (438, N'HL Road Frame - Black, 62', N'Black', 14)
;INSERT INTO adv_dimproduct (ProductKey, EnglishProductName, Color, ProductSubcategoryKey) VALUES (439, N'HL Road Frame - Black, 44', N'Black', 14)
;INSERT INTO adv_dimproduct (ProductKey, EnglishProductName, Color, ProductSubcategoryKey) VALUES (440, N'HL Road Frame - Black, 44', N'Black', 14)
;INSERT INTO adv_dimproduct (ProductKey, EnglishProductName, Color, ProductSubcategoryKey) VALUES (441, N'HL Road Frame - Black, 48', N'Black', 14)
;INSERT INTO adv_dimproduct (ProductKey, EnglishProductName, Color, ProductSubcategoryKey) VALUES (442, N'HL Road Frame - Black, 48', N'Black', 14)
;INSERT INTO adv_dimproduct (ProductKey, EnglishProductName, Color, ProductSubcategoryKey) VALUES (443, N'HL Road Frame - Black, 52', N'Black', 14)
;INSERT INTO adv_dimproduct (ProductKey, EnglishProductName, Color, ProductSubcategoryKey) VALUES (444, N'HL Road Frame - Black, 52', N'Black', 14)
;INSERT INTO adv_dimproduct (ProductKey, EnglishProductName, Color, ProductSubcategoryKey) VALUES (445, N'Men''s Sports Shorts, S', N'Black', 22)
;INSERT INTO adv_dimproduct (ProductKey, EnglishProductName, Color, ProductSubcategoryKey) VALUES (446, N'Touring-Panniers, Large', N'Grey', 35)
;INSERT INTO adv_dimproduct (ProductKey, EnglishProductName, Color, ProductSubcategoryKey) VALUES (447, N'Cable Lock', N'NA', 34)
;INSERT INTO adv_dimproduct (ProductKey, EnglishProductName, Color, ProductSubcategoryKey) VALUES (448, N'Minipump', N'NA', 36)
;INSERT INTO adv_dimproduct (ProductKey, EnglishProductName, Color, ProductSubcategoryKey) VALUES (449, N'Mountain Pump', N'NA', 36)
;INSERT INTO adv_dimproduct (ProductKey, EnglishProductName, Color, ProductSubcategoryKey) VALUES (450, N'Taillights - Battery-Powered', N'NA', 33)
;INSERT INTO adv_dimproduct (ProductKey, EnglishProductName, Color, ProductSubcategoryKey) VALUES (451, N'Headlights - Dual-Beam', N'NA', 33)
;INSERT INTO adv_dimproduct (ProductKey, EnglishProductName, Color, ProductSubcategoryKey) VALUES (452, N'Headlights - Weatherproof', N'NA', 33)
;INSERT INTO adv_dimproduct (ProductKey, EnglishProductName, Color, ProductSubcategoryKey) VALUES (453, N'Men''s Sports Shorts, M', N'Black', 22)
;INSERT INTO adv_dimproduct (ProductKey, EnglishProductName, Color, ProductSubcategoryKey) VALUES (454, N'Men''s Sports Shorts, L', N'Black', 22)
;INSERT INTO adv_dimproduct (ProductKey, EnglishProductName, Color, ProductSubcategoryKey) VALUES (455, N'Men''s Sports Shorts, XL', N'Black', 22)
;INSERT INTO adv_dimproduct (ProductKey, EnglishProductName, Color, ProductSubcategoryKey) VALUES (456, N'Women''s Tights, S', N'Black', 24)
;INSERT INTO adv_dimproduct (ProductKey, EnglishProductName, Color, ProductSubcategoryKey) VALUES (457, N'Women''s Tights, M', N'Black', 24)
;INSERT INTO adv_dimproduct (ProductKey, EnglishProductName, Color, ProductSubcategoryKey) VALUES (458, N'Women''s Tights, L', N'Black', 24)
;INSERT INTO adv_dimproduct (ProductKey, EnglishProductName, Color, ProductSubcategoryKey) VALUES (459, N'Men''s Bib-Shorts, S', N'Multi', 18)
;INSERT INTO adv_dimproduct (ProductKey, EnglishProductName, Color, ProductSubcategoryKey) VALUES (460, N'Men''s Bib-Shorts, M', N'Multi', 18)
;INSERT INTO adv_dimproduct (ProductKey, EnglishProductName, Color, ProductSubcategoryKey) VALUES (461, N'Men''s Bib-Shorts, L', N'Multi', 18)
;INSERT INTO adv_dimproduct (ProductKey, EnglishProductName, Color, ProductSubcategoryKey) VALUES (462, N'Half-Finger Gloves, S', N'Black', 20)
;INSERT INTO adv_dimproduct (ProductKey, EnglishProductName, Color, ProductSubcategoryKey) VALUES (463, N'Half-Finger Gloves, S', N'Black', 20)
;INSERT INTO adv_dimproduct (ProductKey, EnglishProductName, Color, ProductSubcategoryKey) VALUES (464, N'Half-Finger Gloves, M', N'Black', 20)
;INSERT INTO adv_dimproduct (ProductKey, EnglishProductName, Color, ProductSubcategoryKey) VALUES (465, N'Half-Finger Gloves, M', N'Black', 20)
;INSERT INTO adv_dimproduct (ProductKey, EnglishProductName, Color, ProductSubcategoryKey) VALUES (466, N'Half-Finger Gloves, L', N'Black', 20)
;INSERT INTO adv_dimproduct (ProductKey, EnglishProductName, Color, ProductSubcategoryKey) VALUES (467, N'Half-Finger Gloves, L', N'Black', 20)
;INSERT INTO adv_dimproduct (ProductKey, EnglishProductName, Color, ProductSubcategoryKey) VALUES (468, N'Full-Finger Gloves, S', N'Black', 20)
;INSERT INTO adv_dimproduct (ProductKey, EnglishProductName, Color, ProductSubcategoryKey) VALUES (469, N'Full-Finger Gloves, M', N'Black', 20)
;INSERT INTO adv_dimproduct (ProductKey, EnglishProductName, Color, ProductSubcategoryKey) VALUES (470, N'Full-Finger Gloves, L', N'Black', 20)
;INSERT INTO adv_dimproduct (ProductKey, EnglishProductName, Color, ProductSubcategoryKey) VALUES (471, N'Classic Vest, S', N'Blue', 25)
;INSERT INTO adv_dimproduct (ProductKey, EnglishProductName, Color, ProductSubcategoryKey) VALUES (472, N'Classic Vest, M', N'Blue', 25)
;INSERT INTO adv_dimproduct (ProductKey, EnglishProductName, Color, ProductSubcategoryKey) VALUES (473, N'Classic Vest, L', N'Blue', 25)
;INSERT INTO adv_dimproduct (ProductKey, EnglishProductName, Color, ProductSubcategoryKey) VALUES (474, N'Women''s Mountain Shorts, S', N'Black', 22)
;INSERT INTO adv_dimproduct (ProductKey, EnglishProductName, Color, ProductSubcategoryKey) VALUES (475, N'Women''s Mountain Shorts, M', N'Black', 22)
;INSERT INTO adv_dimproduct (ProductKey, EnglishProductName, Color, ProductSubcategoryKey) VALUES (476, N'Women''s Mountain Shorts, L', N'Black', 22)
;INSERT INTO adv_dimproduct (ProductKey, EnglishProductName, Color, ProductSubcategoryKey) VALUES (477, N'Water Bottle - 30 oz.', N'NA', 28)
;INSERT INTO adv_dimproduct (ProductKey, EnglishProductName, Color, ProductSubcategoryKey) VALUES (478, N'Mountain Bottle Cage', N'NA', 28)
;INSERT INTO adv_dimproduct (ProductKey, EnglishProductName, Color, ProductSubcategoryKey) VALUES (479, N'Road Bottle Cage', N'NA', 28)
;INSERT INTO adv_dimproduct (ProductKey, EnglishProductName, Color, ProductSubcategoryKey) VALUES (480, N'Patch Kit/8 Patches', N'NA', 37)
;INSERT INTO adv_dimproduct (ProductKey, EnglishProductName, Color, ProductSubcategoryKey) VALUES (481, N'Racing Socks, M', N'White', 23)
;INSERT INTO adv_dimproduct (ProductKey, EnglishProductName, Color, ProductSubcategoryKey) VALUES (482, N'Racing Socks, L', N'White', 23)
;INSERT INTO adv_dimproduct (ProductKey, EnglishProductName, Color, ProductSubcategoryKey) VALUES (483, N'Hitch Rack - 4-Bike', N'NA', 26)
;INSERT INTO adv_dimproduct (ProductKey, EnglishProductName, Color, ProductSubcategoryKey) VALUES (484, N'Bike Wash - Dissolver', N'NA', 29)
;INSERT INTO adv_dimproduct (ProductKey, EnglishProductName, Color, ProductSubcategoryKey) VALUES (485, N'Fender Set - Mountain', N'NA', 30)
;INSERT INTO adv_dimproduct (ProductKey, EnglishProductName, Color, ProductSubcategoryKey) VALUES (486, N'All-Purpose Bike Stand', N'NA', 27)
;INSERT INTO adv_dimproduct (ProductKey, EnglishProductName, Color, ProductSubcategoryKey) VALUES (487, N'Hydration Pack - 70 oz.', N'Silver', 32)
;INSERT INTO adv_dimproduct (ProductKey, EnglishProductName, Color, ProductSubcategoryKey) VALUES (488, N'Short-Sleeve Classic Jersey, S', N'Yellow', 21)
;INSERT INTO adv_dimproduct (ProductKey, EnglishProductName, Color, ProductSubcategoryKey) VALUES (489, N'Short-Sleeve Classic Jersey, M', N'Yellow', 21)
;INSERT INTO adv_dimproduct (ProductKey, EnglishProductName, Color, ProductSubcategoryKey) VALUES (490, N'Short-Sleeve Classic Jersey, L', N'Yellow', 21)
;INSERT INTO adv_dimproduct (ProductKey, EnglishProductName, Color, ProductSubcategoryKey) VALUES (491, N'Short-Sleeve Classic Jersey, XL', N'Yellow', 21)
;INSERT INTO adv_dimproduct (ProductKey, EnglishProductName, Color, ProductSubcategoryKey) VALUES (492, N'HL Touring Frame - Yellow, 60', N'Yellow', 16)
;INSERT INTO adv_dimproduct (ProductKey, EnglishProductName, Color, ProductSubcategoryKey) VALUES (493, N'LL Touring Frame - Yellow, 62', N'Yellow', 16)
;INSERT INTO adv_dimproduct (ProductKey, EnglishProductName, Color, ProductSubcategoryKey) VALUES (494, N'HL Touring Frame - Yellow, 46', N'Yellow', 16)
;INSERT INTO adv_dimproduct (ProductKey, EnglishProductName, Color, ProductSubcategoryKey) VALUES (495, N'HL Touring Frame - Yellow, 50', N'Yellow', 16)
;INSERT INTO adv_dimproduct (ProductKey, EnglishProductName, Color, ProductSubcategoryKey) VALUES (496, N'HL Touring Frame - Yellow, 54', N'Yellow', 16)
;INSERT INTO adv_dimproduct (ProductKey, EnglishProductName, Color, ProductSubcategoryKey) VALUES (497, N'HL Touring Frame - Blue, 46', N'Blue', 16)
;INSERT INTO adv_dimproduct (ProductKey, EnglishProductName, Color, ProductSubcategoryKey) VALUES (498, N'HL Touring Frame - Blue, 50', N'Blue', 16)
;INSERT INTO adv_dimproduct (ProductKey, EnglishProductName, Color, ProductSubcategoryKey) VALUES (499, N'HL Touring Frame - Blue, 54', N'Blue', 16)
;INSERT INTO adv_dimproduct (ProductKey, EnglishProductName, Color, ProductSubcategoryKey) VALUES (500, N'HL Touring Frame - Blue, 60', N'Blue', 16)
;INSERT INTO adv_dimproduct (ProductKey, EnglishProductName, Color, ProductSubcategoryKey) VALUES (501, N'Rear Derailleur', N'Silver', 9)
;INSERT INTO adv_dimproduct (ProductKey, EnglishProductName, Color, ProductSubcategoryKey) VALUES (502, N'LL Touring Frame - Blue, 50', N'Blue', 16)
;INSERT INTO adv_dimproduct (ProductKey, EnglishProductName, Color, ProductSubcategoryKey) VALUES (503, N'LL Touring Frame - Blue, 54', N'Blue', 16)
;INSERT INTO adv_dimproduct (ProductKey, EnglishProductName, Color, ProductSubcategoryKey) VALUES (504, N'LL Touring Frame - Blue, 58', N'Blue', 16)
;INSERT INTO adv_dimproduct (ProductKey, EnglishProductName, Color, ProductSubcategoryKey) VALUES (505, N'LL Touring Frame - Blue, 62', N'Blue', 16)
;INSERT INTO adv_dimproduct (ProductKey, EnglishProductName, Color, ProductSubcategoryKey) VALUES (506, N'LL Touring Frame - Yellow, 44', N'Yellow', 16)
;INSERT INTO adv_dimproduct (ProductKey, EnglishProductName, Color, ProductSubcategoryKey) VALUES (507, N'LL Touring Frame - Yellow, 50', N'Yellow', 16)
;INSERT INTO adv_dimproduct (ProductKey, EnglishProductName, Color, ProductSubcategoryKey) VALUES (508, N'LL Touring Frame - Yellow, 54', N'Yellow', 16)
;INSERT INTO adv_dimproduct (ProductKey, EnglishProductName, Color, ProductSubcategoryKey) VALUES (509, N'LL Touring Frame - Yellow, 58', N'Yellow', 16)
;INSERT INTO adv_dimproduct (ProductKey, EnglishProductName, Color, ProductSubcategoryKey) VALUES (510, N'LL Touring Frame - Blue, 44', N'Blue', 16)
;INSERT INTO adv_dimproduct (ProductKey, EnglishProductName, Color, ProductSubcategoryKey) VALUES (511, N'ML Mountain Frame-W - Silver, 40', N'Silver', 12)
;INSERT INTO adv_dimproduct (ProductKey, EnglishProductName, Color, ProductSubcategoryKey) VALUES (512, N'ML Mountain Frame-W - Silver, 42', N'Silver', 12)
;INSERT INTO adv_dimproduct (ProductKey, EnglishProductName, Color, ProductSubcategoryKey) VALUES (513, N'ML Mountain Frame-W - Silver, 46', N'Silver', 12)
;INSERT INTO adv_dimproduct (ProductKey, EnglishProductName, Color, ProductSubcategoryKey) VALUES (514, N'Rear Brakes', N'Silver', 6)
;INSERT INTO adv_dimproduct (ProductKey, EnglishProductName, Color, ProductSubcategoryKey) VALUES (515, N'LL Mountain Seat/Saddle', N'NA', 15)
;INSERT INTO adv_dimproduct (ProductKey, EnglishProductName, Color, ProductSubcategoryKey) VALUES (516, N'ML Mountain Seat/Saddle', N'NA', 15)
;INSERT INTO adv_dimproduct (ProductKey, EnglishProductName, Color, ProductSubcategoryKey) VALUES (517, N'HL Mountain Seat/Saddle', N'NA', 15)
;INSERT INTO adv_dimproduct (ProductKey, EnglishProductName, Color, ProductSubcategoryKey) VALUES (518, N'LL Road Seat/Saddle', N'NA', 15)
;INSERT INTO adv_dimproduct (ProductKey, EnglishProductName, Color, ProductSubcategoryKey) VALUES (519, N'ML Road Seat/Saddle', N'NA', 15)
;INSERT INTO adv_dimproduct (ProductKey, EnglishProductName, Color, ProductSubcategoryKey) VALUES (520, N'HL Road Seat/Saddle', N'NA', 15)
;INSERT INTO adv_dimproduct (ProductKey, EnglishProductName, Color, ProductSubcategoryKey) VALUES (521, N'LL Touring Seat/Saddle', N'NA', 15)
;INSERT INTO adv_dimproduct (ProductKey, EnglishProductName, Color, ProductSubcategoryKey) VALUES (522, N'ML Touring Seat/Saddle', N'NA', 15)
;INSERT INTO adv_dimproduct (ProductKey, EnglishProductName, Color, ProductSubcategoryKey) VALUES (523, N'HL Touring Seat/Saddle', N'NA', 15)
;INSERT INTO adv_dimproduct (ProductKey, EnglishProductName, Color, ProductSubcategoryKey) VALUES (524, N'LL Mountain Frame - Silver, 42', N'Silver', 12)
;INSERT INTO adv_dimproduct (ProductKey, EnglishProductName, Color, ProductSubcategoryKey) VALUES (525, N'LL Mountain Frame - Silver, 44', N'Silver', 12)
;INSERT INTO adv_dimproduct (ProductKey, EnglishProductName, Color, ProductSubcategoryKey) VALUES (526, N'LL Mountain Frame - Silver, 48', N'Silver', 12)
;INSERT INTO adv_dimproduct (ProductKey, EnglishProductName, Color, ProductSubcategoryKey) VALUES (527, N'LL Mountain Frame - Silver, 52', N'Silver', 12)
;INSERT INTO adv_dimproduct (ProductKey, EnglishProductName, Color, ProductSubcategoryKey) VALUES (528, N'Mountain Tire Tube', N'NA', 37)
;INSERT INTO adv_dimproduct (ProductKey, EnglishProductName, Color, ProductSubcategoryKey) VALUES (529, N'Road Tire Tube', N'NA', 37)
;INSERT INTO adv_dimproduct (ProductKey, EnglishProductName, Color, ProductSubcategoryKey) VALUES (530, N'Touring Tire Tube', N'NA', 37)
;INSERT INTO adv_dimproduct (ProductKey, EnglishProductName, Color, ProductSubcategoryKey) VALUES (531, N'LL Mountain Frame - Black, 42', N'Black', 12)
;INSERT INTO adv_dimproduct (ProductKey, EnglishProductName, Color, ProductSubcategoryKey) VALUES (532, N'LL Mountain Frame - Black, 44', N'Black', 12)
;INSERT INTO adv_dimproduct (ProductKey, EnglishProductName, Color, ProductSubcategoryKey) VALUES (533, N'LL Mountain Frame - Black, 48', N'Black', 12)
;INSERT INTO adv_dimproduct (ProductKey, EnglishProductName, Color, ProductSubcategoryKey) VALUES (534, N'LL Mountain Frame - Black, 52', N'Black', 12)
;INSERT INTO adv_dimproduct (ProductKey, EnglishProductName, Color, ProductSubcategoryKey) VALUES (535, N'LL Mountain Tire', N'NA', 37)
;INSERT INTO adv_dimproduct (ProductKey, EnglishProductName, Color, ProductSubcategoryKey) VALUES (536, N'ML Mountain Tire', N'NA', 37)
;INSERT INTO adv_dimproduct (ProductKey, EnglishProductName, Color, ProductSubcategoryKey) VALUES (537, N'HL Mountain Tire', N'NA', 37)
;INSERT INTO adv_dimproduct (ProductKey, EnglishProductName, Color, ProductSubcategoryKey) VALUES (538, N'LL Road Tire', N'NA', 37)
;INSERT INTO adv_dimproduct (ProductKey, EnglishProductName, Color, ProductSubcategoryKey) VALUES (539, N'ML Road Tire', N'NA', 37)
;INSERT INTO adv_dimproduct (ProductKey, EnglishProductName, Color, ProductSubcategoryKey) VALUES (540, N'HL Road Tire', N'NA', 37)
;INSERT INTO adv_dimproduct (ProductKey, EnglishProductName, Color, ProductSubcategoryKey) VALUES (541, N'Touring Tire', N'NA', 37)
;INSERT INTO adv_dimproduct (ProductKey, EnglishProductName, Color, ProductSubcategoryKey) VALUES (542, N'LL Mountain Pedal', N'Silver/Black', 13)
;INSERT INTO adv_dimproduct (ProductKey, EnglishProductName, Color, ProductSubcategoryKey) VALUES (543, N'ML Mountain Pedal', N'Silver/Black', 13)
;INSERT INTO adv_dimproduct (ProductKey, EnglishProductName, Color, ProductSubcategoryKey) VALUES (544, N'HL Mountain Pedal', N'Silver/Black', 13)
;INSERT INTO adv_dimproduct (ProductKey, EnglishProductName, Color, ProductSubcategoryKey) VALUES (545, N'LL Road Pedal', N'Silver/Black', 13)
;INSERT INTO adv_dimproduct (ProductKey, EnglishProductName, Color, ProductSubcategoryKey) VALUES (546, N'ML Road Pedal', N'Silver/Black', 13)
;INSERT INTO adv_dimproduct (ProductKey, EnglishProductName, Color, ProductSubcategoryKey) VALUES (547, N'HL Road Pedal', N'Silver/Black', 13)
;INSERT INTO adv_dimproduct (ProductKey, EnglishProductName, Color, ProductSubcategoryKey) VALUES (548, N'Touring Pedal', N'Silver/Black', 13)
;INSERT INTO adv_dimproduct (ProductKey, EnglishProductName, Color, ProductSubcategoryKey) VALUES (549, N'ML Mountain Frame-W - Silver, 38', N'Silver', 12)
;INSERT INTO adv_dimproduct (ProductKey, EnglishProductName, Color, ProductSubcategoryKey) VALUES (550, N'LL Mountain Frame - Black, 40', N'Black', 12)
;INSERT INTO adv_dimproduct (ProductKey, EnglishProductName, Color, ProductSubcategoryKey) VALUES (551, N'LL Mountain Frame - Silver, 40', N'Silver', 12)
;INSERT INTO adv_dimproduct (ProductKey, EnglishProductName, Color, ProductSubcategoryKey) VALUES (552, N'Front Derailleur', N'Silver', 9)
;INSERT INTO adv_dimproduct (ProductKey, EnglishProductName, Color, ProductSubcategoryKey) VALUES (553, N'LL Touring Handlebars', N'NA', 4)
;INSERT INTO adv_dimproduct (ProductKey, EnglishProductName, Color, ProductSubcategoryKey) VALUES (554, N'HL Touring Handlebars', N'NA', 4)
;INSERT INTO adv_dimproduct (ProductKey, EnglishProductName, Color, ProductSubcategoryKey) VALUES (555, N'Front Brakes', N'Silver', 6)
;INSERT INTO adv_dimproduct (ProductKey, EnglishProductName, Color, ProductSubcategoryKey) VALUES (556, N'LL Crankset', N'Black', 8)
;INSERT INTO adv_dimproduct (ProductKey, EnglishProductName, Color, ProductSubcategoryKey) VALUES (557, N'ML Crankset', N'Black', 8)
;INSERT INTO adv_dimproduct (ProductKey, EnglishProductName, Color, ProductSubcategoryKey) VALUES (558, N'HL Crankset', N'Black', 8)
;INSERT INTO adv_dimproduct (ProductKey, EnglishProductName, Color, ProductSubcategoryKey) VALUES (559, N'Chain', N'Silver', 7)
;INSERT INTO adv_dimproduct (ProductKey, EnglishProductName, Color, ProductSubcategoryKey) VALUES (560, N'Touring-2000 Blue, 60', N'Blue', 3)
;INSERT INTO adv_dimproduct (ProductKey, EnglishProductName, Color, ProductSubcategoryKey) VALUES (561, N'Touring-1000 Yellow, 46', N'Yellow', 3)
;INSERT INTO adv_dimproduct (ProductKey, EnglishProductName, Color, ProductSubcategoryKey) VALUES (562, N'Touring-1000 Yellow, 50', N'Yellow', 3)
;INSERT INTO adv_dimproduct (ProductKey, EnglishProductName, Color, ProductSubcategoryKey) VALUES (563, N'Touring-1000 Yellow, 54', N'Yellow', 3)
;INSERT INTO adv_dimproduct (ProductKey, EnglishProductName, Color, ProductSubcategoryKey) VALUES (564, N'Touring-1000 Yellow, 60', N'Yellow', 3)
;INSERT INTO adv_dimproduct (ProductKey, EnglishProductName, Color, ProductSubcategoryKey) VALUES (565, N'Touring-3000 Blue, 54', N'Blue', 3)
;INSERT INTO adv_dimproduct (ProductKey, EnglishProductName, Color, ProductSubcategoryKey) VALUES (566, N'Touring-3000 Blue, 58', N'Blue', 3)
;INSERT INTO adv_dimproduct (ProductKey, EnglishProductName, Color, ProductSubcategoryKey) VALUES (567, N'Touring-3000 Blue, 62', N'Blue', 3)
;INSERT INTO adv_dimproduct (ProductKey, EnglishProductName, Color, ProductSubcategoryKey) VALUES (568, N'Touring-3000 Yellow, 44', N'Yellow', 3)
;INSERT INTO adv_dimproduct (ProductKey, EnglishProductName, Color, ProductSubcategoryKey) VALUES (569, N'Touring-3000 Yellow, 50', N'Yellow', 3)
;INSERT INTO adv_dimproduct (ProductKey, EnglishProductName, Color, ProductSubcategoryKey) VALUES (570, N'Touring-3000 Yellow, 54', N'Yellow', 3)
;INSERT INTO adv_dimproduct (ProductKey, EnglishProductName, Color, ProductSubcategoryKey) VALUES (571, N'Touring-3000 Yellow, 58', N'Yellow', 3)
;INSERT INTO adv_dimproduct (ProductKey, EnglishProductName, Color, ProductSubcategoryKey) VALUES (572, N'Touring-3000 Yellow, 62', N'Yellow', 3)
;INSERT INTO adv_dimproduct (ProductKey, EnglishProductName, Color, ProductSubcategoryKey) VALUES (573, N'Touring-1000 Blue, 46', N'Blue', 3)
;INSERT INTO adv_dimproduct (ProductKey, EnglishProductName, Color, ProductSubcategoryKey) VALUES (574, N'Touring-1000 Blue, 50', N'Blue', 3)
;INSERT INTO adv_dimproduct (ProductKey, EnglishProductName, Color, ProductSubcategoryKey) VALUES (575, N'Touring-1000 Blue, 54', N'Blue', 3)
;INSERT INTO adv_dimproduct (ProductKey, EnglishProductName, Color, ProductSubcategoryKey) VALUES (576, N'Touring-1000 Blue, 60', N'Blue', 3)
;INSERT INTO adv_dimproduct (ProductKey, EnglishProductName, Color, ProductSubcategoryKey) VALUES (577, N'Touring-2000 Blue, 46', N'Blue', 3)
;INSERT INTO adv_dimproduct (ProductKey, EnglishProductName, Color, ProductSubcategoryKey) VALUES (578, N'Touring-2000 Blue, 50', N'Blue', 3)
;INSERT INTO adv_dimproduct (ProductKey, EnglishProductName, Color, ProductSubcategoryKey) VALUES (579, N'Touring-2000 Blue, 54', N'Blue', 3)
;INSERT INTO adv_dimproduct (ProductKey, EnglishProductName, Color, ProductSubcategoryKey) VALUES (580, N'Road-350-W Yellow, 40', N'Yellow', 2)
;INSERT INTO adv_dimproduct (ProductKey, EnglishProductName, Color, ProductSubcategoryKey) VALUES (581, N'Road-350-W Yellow, 42', N'Yellow', 2)
;INSERT INTO adv_dimproduct (ProductKey, EnglishProductName, Color, ProductSubcategoryKey) VALUES (582, N'Road-350-W Yellow, 44', N'Yellow', 2)
;INSERT INTO adv_dimproduct (ProductKey, EnglishProductName, Color, ProductSubcategoryKey) VALUES (583, N'Road-350-W Yellow, 48', N'Yellow', 2)
;INSERT INTO adv_dimproduct (ProductKey, EnglishProductName, Color, ProductSubcategoryKey) VALUES (584, N'Road-750 Black, 58', N'Black', 2)
;INSERT INTO adv_dimproduct (ProductKey, EnglishProductName, Color, ProductSubcategoryKey) VALUES (585, N'Touring-3000 Blue, 44', N'Blue', 3)
;INSERT INTO adv_dimproduct (ProductKey, EnglishProductName, Color, ProductSubcategoryKey) VALUES (586, N'Touring-3000 Blue, 50', N'Blue', 3)
;INSERT INTO adv_dimproduct (ProductKey, EnglishProductName, Color, ProductSubcategoryKey) VALUES (587, N'Mountain-400-W Silver, 38', N'Silver', 1)
;INSERT INTO adv_dimproduct (ProductKey, EnglishProductName, Color, ProductSubcategoryKey) VALUES (588, N'Mountain-400-W Silver, 40', N'Silver', 1)
;INSERT INTO adv_dimproduct (ProductKey, EnglishProductName, Color, ProductSubcategoryKey) VALUES (589, N'Mountain-400-W Silver, 42', N'Silver', 1)
;INSERT INTO adv_dimproduct (ProductKey, EnglishProductName, Color, ProductSubcategoryKey) VALUES (590, N'Mountain-400-W Silver, 46', N'Silver', 1)
;INSERT INTO adv_dimproduct (ProductKey, EnglishProductName, Color, ProductSubcategoryKey) VALUES (591, N'Mountain-500 Silver, 40', N'Silver', 1)
;INSERT INTO adv_dimproduct (ProductKey, EnglishProductName, Color, ProductSubcategoryKey) VALUES (592, N'Mountain-500 Silver, 42', N'Silver', 1)
;INSERT INTO adv_dimproduct (ProductKey, EnglishProductName, Color, ProductSubcategoryKey) VALUES (593, N'Mountain-500 Silver, 44', N'Silver', 1)
;INSERT INTO adv_dimproduct (ProductKey, EnglishProductName, Color, ProductSubcategoryKey) VALUES (594, N'Mountain-500 Silver, 48', N'Silver', 1)
;INSERT INTO adv_dimproduct (ProductKey, EnglishProductName, Color, ProductSubcategoryKey) VALUES (595, N'Mountain-500 Silver, 52', N'Silver', 1)
;INSERT INTO adv_dimproduct (ProductKey, EnglishProductName, Color, ProductSubcategoryKey) VALUES (596, N'Mountain-500 Black, 40', N'Black', 1)
;INSERT INTO adv_dimproduct (ProductKey, EnglishProductName, Color, ProductSubcategoryKey) VALUES (597, N'Mountain-500 Black, 42', N'Black', 1)
;INSERT INTO adv_dimproduct (ProductKey, EnglishProductName, Color, ProductSubcategoryKey) VALUES (598, N'Mountain-500 Black, 44', N'Black', 1)
;INSERT INTO adv_dimproduct (ProductKey, EnglishProductName, Color, ProductSubcategoryKey) VALUES (599, N'Mountain-500 Black, 48', N'Black', 1)
;INSERT INTO adv_dimproduct (ProductKey, EnglishProductName, Color, ProductSubcategoryKey) VALUES (600, N'Mountain-500 Black, 52', N'Black', 1)
;INSERT INTO adv_dimproduct (ProductKey, EnglishProductName, Color, ProductSubcategoryKey) VALUES (601, N'LL Bottom Bracket', N'NA', 5)
;INSERT INTO adv_dimproduct (ProductKey, EnglishProductName, Color, ProductSubcategoryKey) VALUES (602, N'ML Bottom Bracket', N'NA', 5)
;INSERT INTO adv_dimproduct (ProductKey, EnglishProductName, Color, ProductSubcategoryKey) VALUES (603, N'HL Bottom Bracket', N'NA', 5)
;INSERT INTO adv_dimproduct (ProductKey, EnglishProductName, Color, ProductSubcategoryKey) VALUES (604, N'Road-750 Black, 44', N'Black', 2)
;INSERT INTO adv_dimproduct (ProductKey, EnglishProductName, Color, ProductSubcategoryKey) VALUES (605, N'Road-750 Black, 48', N'Black', 2)
;INSERT INTO adv_dimproduct (ProductKey, EnglishProductName, Color, ProductSubcategoryKey) VALUES (606, N'Road-750 Black, 52', N'Black', 2)



;INSERT INTO adv_dimproductcategory (ProductCategoryKey, EnglishProductCategoryName) VALUES (1, N'Bikes')
;INSERT INTO adv_dimproductcategory (ProductCategoryKey, EnglishProductCategoryName) VALUES (2, N'Components')
;INSERT INTO adv_dimproductcategory (ProductCategoryKey, EnglishProductCategoryName) VALUES (3, N'Clothing')
;INSERT INTO adv_dimproductcategory (ProductCategoryKey, EnglishProductCategoryName) VALUES (4, N'Accessories')



;INSERT INTO adv_dimproductsubcategory (ProductSubcategoryKey, EnglishProductSubcategoryName, ProductCategoryKey) VALUES (1, N'Mountain Bikes', 1)
;INSERT INTO adv_dimproductsubcategory (ProductSubcategoryKey, EnglishProductSubcategoryName, ProductCategoryKey) VALUES (2, N'Road Bikes', 1)
;INSERT INTO adv_dimproductsubcategory (ProductSubcategoryKey, EnglishProductSubcategoryName, ProductCategoryKey) VALUES (3, N'Touring Bikes', 1)
;INSERT INTO adv_dimproductsubcategory (ProductSubcategoryKey, EnglishProductSubcategoryName, ProductCategoryKey) VALUES (4, N'Handlebars', 2)
;INSERT INTO adv_dimproductsubcategory (ProductSubcategoryKey, EnglishProductSubcategoryName, ProductCategoryKey) VALUES (5, N'Bottom Brackets', 2)
;INSERT INTO adv_dimproductsubcategory (ProductSubcategoryKey, EnglishProductSubcategoryName, ProductCategoryKey) VALUES (6, N'Brakes', 2)
;INSERT INTO adv_dimproductsubcategory (ProductSubcategoryKey, EnglishProductSubcategoryName, ProductCategoryKey) VALUES (7, N'Chains', 2)
;INSERT INTO adv_dimproductsubcategory (ProductSubcategoryKey, EnglishProductSubcategoryName, ProductCategoryKey) VALUES (8, N'Cranksets', 2)
;INSERT INTO adv_dimproductsubcategory (ProductSubcategoryKey, EnglishProductSubcategoryName, ProductCategoryKey) VALUES (9, N'Derailleurs', 2)
;INSERT INTO adv_dimproductsubcategory (ProductSubcategoryKey, EnglishProductSubcategoryName, ProductCategoryKey) VALUES (10, N'Forks', 2)
;INSERT INTO adv_dimproductsubcategory (ProductSubcategoryKey, EnglishProductSubcategoryName, ProductCategoryKey) VALUES (11, N'Headsets', 2)
;INSERT INTO adv_dimproductsubcategory (ProductSubcategoryKey, EnglishProductSubcategoryName, ProductCategoryKey) VALUES (12, N'Mountain Frames', 2)
;INSERT INTO adv_dimproductsubcategory (ProductSubcategoryKey, EnglishProductSubcategoryName, ProductCategoryKey) VALUES (13, N'Pedals', 2)
;INSERT INTO adv_dimproductsubcategory (ProductSubcategoryKey, EnglishProductSubcategoryName, ProductCategoryKey) VALUES (14, N'Road Frames', 2)
;INSERT INTO adv_dimproductsubcategory (ProductSubcategoryKey, EnglishProductSubcategoryName, ProductCategoryKey) VALUES (15, N'Saddles', 2)
;INSERT INTO adv_dimproductsubcategory (ProductSubcategoryKey, EnglishProductSubcategoryName, ProductCategoryKey) VALUES (16, N'Touring Frames', 2)
;INSERT INTO adv_dimproductsubcategory (ProductSubcategoryKey, EnglishProductSubcategoryName, ProductCategoryKey) VALUES (17, N'Wheels', 2)
;INSERT INTO adv_dimproductsubcategory (ProductSubcategoryKey, EnglishProductSubcategoryName, ProductCategoryKey) VALUES (18, N'Bib-Shorts', 3)
;INSERT INTO adv_dimproductsubcategory (ProductSubcategoryKey, EnglishProductSubcategoryName, ProductCategoryKey) VALUES (19, N'Caps', 3)
;INSERT INTO adv_dimproductsubcategory (ProductSubcategoryKey, EnglishProductSubcategoryName, ProductCategoryKey) VALUES (20, N'Gloves', 3)
;INSERT INTO adv_dimproductsubcategory (ProductSubcategoryKey, EnglishProductSubcategoryName, ProductCategoryKey) VALUES (21, N'Jerseys', 3)
;INSERT INTO adv_dimproductsubcategory (ProductSubcategoryKey, EnglishProductSubcategoryName, ProductCategoryKey) VALUES (22, N'Shorts', 3)
;INSERT INTO adv_dimproductsubcategory (ProductSubcategoryKey, EnglishProductSubcategoryName, ProductCategoryKey) VALUES (23, N'Socks', 3)
;INSERT INTO adv_dimproductsubcategory (ProductSubcategoryKey, EnglishProductSubcategoryName, ProductCategoryKey) VALUES (24, N'Tights', 3)
;INSERT INTO adv_dimproductsubcategory (ProductSubcategoryKey, EnglishProductSubcategoryName, ProductCategoryKey) VALUES (25, N'Vests', 3)
;INSERT INTO adv_dimproductsubcategory (ProductSubcategoryKey, EnglishProductSubcategoryName, ProductCategoryKey) VALUES (26, N'Bike Racks', 4)
;INSERT INTO adv_dimproductsubcategory (ProductSubcategoryKey, EnglishProductSubcategoryName, ProductCategoryKey) VALUES (27, N'Bike Stands', 4)
;INSERT INTO adv_dimproductsubcategory (ProductSubcategoryKey, EnglishProductSubcategoryName, ProductCategoryKey) VALUES (28, N'Bottles and Cages', 4)
;INSERT INTO adv_dimproductsubcategory (ProductSubcategoryKey, EnglishProductSubcategoryName, ProductCategoryKey) VALUES (29, N'Cleaners', 4)
;INSERT INTO adv_dimproductsubcategory (ProductSubcategoryKey, EnglishProductSubcategoryName, ProductCategoryKey) VALUES (30, N'Fenders', 4)
;INSERT INTO adv_dimproductsubcategory (ProductSubcategoryKey, EnglishProductSubcategoryName, ProductCategoryKey) VALUES (31, N'Helmets', 4)
;INSERT INTO adv_dimproductsubcategory (ProductSubcategoryKey, EnglishProductSubcategoryName, ProductCategoryKey) VALUES (32, N'Hydration Packs', 4)
;INSERT INTO adv_dimproductsubcategory (ProductSubcategoryKey, EnglishProductSubcategoryName, ProductCategoryKey) VALUES (33, N'Lights', 4)
;INSERT INTO adv_dimproductsubcategory (ProductSubcategoryKey, EnglishProductSubcategoryName, ProductCategoryKey) VALUES (34, N'Locks', 4)
;INSERT INTO adv_dimproductsubcategory (ProductSubcategoryKey, EnglishProductSubcategoryName, ProductCategoryKey) VALUES (35, N'Panniers', 4)
;INSERT INTO adv_dimproductsubcategory (ProductSubcategoryKey, EnglishProductSubcategoryName, ProductCategoryKey) VALUES (36, N'Pumps', 4)
;INSERT INTO adv_dimproductsubcategory (ProductSubcategoryKey, EnglishProductSubcategoryName, ProductCategoryKey) VALUES (37, N'Tires and Tubes', 4)


